,latitude,longitude,name
328,-54.5,158.9,Macquarie Island*
1535,-53.0,-70.85,Punta Arenas
1903,-54.8,-68.3167,Ushuaia Aerodrome
2264,-53.8,-67.75,Rio Grande B. A.
2981,-51.6167,-69.2833,Rio Gallegos Aerodrome
3345,-49.3167,-67.75,San Julian Aerodrome
3656,-27.15,-109.4167,Isla De Pascua
3706,-47.7333,-65.9167,Puerto Deseado Aerodrome
4056,-48.7833,-70.1667,Gobernador Gregores Aerodrome
4775,-46.5167,-71.0167,Perito Moreno Aerodrome
4778,-45.7833,-67.5,Comodoro Rivadavia Aerodrome
5023,-43.4833,172.55,Christchurch
5113,-43.1167,-73.6333,Quellon
5133,-45.9167,-71.6833,Balmaceda
5492,-45.5833,-72.1167,Coyhaique
5850,-43.6333,-71.8,Alto Palena
5853,-43.8167,-68.8833,Paso De Indios
5857,-43.2,-65.2667,Trelew Aerodrome
6209,-42.9167,-72.7167,Chalten / Chaiten / Chaitén
6210,-43.1892,-71.8489,Futaleufu / Futaleufú
6211,-42.9333,-71.15,Esquel Aerodrome
6221,-40.85,-63.0167,Viedma Aerodrome
6568,-41.4167,-73.0833,Puerto Montt
6928,-41.15,-71.1667,Bariloche Aerodrome
6934,-40.7833,-65.1,San Antonio Oeste Aerodrome
6941,-38.3333,-60.25,Tres Arroyos
7029,-33.9833,25.6,"Port Elizabeth, Port E Apt"
7282,-39.6167,-73.0833,Valdivia
7290,-38.95,-68.1333,Neuquen Aerodrome
7298,-38.7333,-62.1667,Bahia Blanca Aerodrome
7645,-38.75,-72.6333,Temuco
7751,-33.0333,27.8333,East London Airport
7999,-36.7667,-73.05,Concepcion
8014,-37.6,-62.3833,Pigue Aerodrome
8018,-37.2333,-59.25,Tandil Aerodrome
8019,-37.9333,-57.5833,Mar Del Plata Aerodrome
8113,-31.6333,29.55,Port St Johns
8222,-38.0,145.1,Moorabbin Airport
8364,-36.5667,-72.0333,Chillan
8366,-35.5,-69.5833,Malargue Aerodrome
8370,-36.5667,-64.2667,Santa Rosa Aerodrome
8378,-36.35,-57.7333,Dolores Aerodrome
8728,-34.5833,-68.4,San Rafael Aerodrome
8731,-35.7,-63.75,General Pico Aerodrome
8733,-35.8667,-61.9,Pehuajo Aerodrome
8838,-25.0333,46.95,Fort-Dauphin
8942,-36.0667,146.95,Albury Airport
8944,-36.2,149.1,Cooma
8980,-29.25,-177.9167,"Raoul Island, Kermadec Island"
9081,-34.9667,-71.2333,Curico
9088,-33.7333,-65.3833,Villa Reynolds Aerodrome
9091,-34.1333,-63.3667,Laboulaye
9093,-34.55,-60.9167,Junin Aerodrome
9095,-34.8167,-58.5333,Ezeiza Aerodrome
9096,-34.9667,-57.9,La Plata Aerodrome
9098,-34.8333,-56.0,Carrasco
9298,-34.6,143.6,Balranald
9301,-35.2,147.5,Wagga Wagga
9438,-33.65,-71.6167,Santo Domingo
9446,-33.2667,-66.35,San Luis Aerodrome
9454,-34.45,-58.5833,San Fernando Aero / Virreyes
9455,-34.45,-57.8333,Colonia
9532,-33.9833,18.6,Cape Town Airport
9655,-34.2,142.1,Mildura
9679,-29.0,167.9,Norfolk Island
9716,-23.35,-149.4833,Tubuai
9804,-33.0833,-68.4167,San Martin
9807,-33.1167,-64.2333,Rio Cuarto Aerodrome
9809,-32.7,-62.15,Marcos Juarez Aerodrome
9811,-32.9167,-60.7833,Rosario Aerodrome
9813,-33.0,-58.6167,Gualeguaychu Aerodrome
9814,-33.25,-58.0667,Mercedes
10004,-32.1,133.6,Thevenard
10009,-33.1,137.5,Whyalla
10023,-32.8,151.3,Cessnock Airport
10162,-31.5667,-68.8667,San Juan Aerodrome
10165,-31.95,-65.1333,Villa Dolores Aerodrome
10167,-31.6667,-63.8833,Pilar Observatorio
10170,-31.7,-60.8167,Sauce Viejo Aerodrome
10171,-31.7833,-60.4833,Parana Aerodrome
10175,-31.7,-55.9833,Tacuarembo
10176,-32.3667,-54.2167,Melo
10251,-31.4667,19.7667,Calvinia
10252,-31.9167,21.5167,Fraserburg
10260,-31.5333,28.6667,Umtata
10266,-29.9667,30.95,"Durban, Durban International Airport"
10294,-19.6833,63.4167,Rodrigues
10525,-31.3167,-64.2167,Cordoba Aerodrome
10528,-29.8833,-61.95,Ceres Aerodrome
10532,-31.3,-58.0167,Concordia Aerodrome
10533,-30.3833,-56.5,Artigas
10652,-20.4333,57.6667,Plaisance Mauritius
10711,-30.8,121.5,Kalgoorlie-Boulder
10726,-31.2,136.8,Woomera
10728,-30.6,138.4,Leigh Creek
10741,-31.0833,150.8333,Tamworth Airport
10873,-29.9,-71.2,La Serena
10882,-29.3833,-66.8167,La Rioja Aero.
10884,-29.9,-63.6833,Villa De Maria Del Rio Seco
10967,-29.6667,17.8667,Springbok
10972,-30.6333,23.9167,De Aar
10990,-23.3833,43.7333,Tulear
11242,-28.6,-65.7667,Catamarca Aero.
11251,-29.6833,-57.15,Paso De Los Libres Aerodrome
11264,-27.6667,-48.55,Florianopolis Aeroporto
11328,-28.4,21.2667,"Upington, Up-Apt"
11333,-28.8,24.7667,"Kimberley, Kim-Apt"
11334,-29.1,26.3,"Bloemfontein, Bloemfontein Airport"
11422,-28.8,114.7,Geraldton Airport
11450,-29.4,142.1,Tibooburra Airport
11461,-28.8833,153.0333,Casino Airport
11462,-28.8,153.6,Ballina
11602,-27.7667,-64.3,Santiago Del Estero Aero.
11605,-26.8167,-60.45,Presidencia Roque Saenz Pena Aerodrome
11607,-27.45,-59.05,Resistencia Aero.
11609,-27.45,-58.7667,Corrientes Aero.
11611,-27.3667,-55.9667,Posadas Aero.
11695,-28.25,28.3333,Bethlehem Airport
11705,-23.8667,35.3833,Inhambane
11760,-12.2,96.8,Cocos Island
11814,-28.0167,147.4667,Bollon
11821,-28.2,153.5,Coolangatta
11948,-27.25,-70.77,Majadas
11960,-26.85,-65.1,Tucuman Aerodrome
11968,-26.85,-58.3167,Pilar
11970,-27.3167,-55.8333,Encarnacion
12050,-26.95,24.6333,Vryburg
12060,-25.9167,32.5667,Maputo / Mavalane
12061,-25.05,33.6333,Xai Xai
12144,-26.6,118.5,Meekatharra
12156,-25.2,131.0,Yulara
12164,-25.9,139.3,Birdsville
12172,-26.4,146.3,Charleville
12212,-21.2333,-175.15,Fua'Amotu
12318,-24.85,-65.4833,Salta Aerodrome
12322,-24.1667,-62.9,Rivadavia
12326,-26.2,-58.2333,Formosa Aerodrome
12330,-25.7333,-54.4667,Iguazu Aerodrome
12410,-25.7833,25.5333,Mafikeng Intl. Ad
12411,-26.1331,26.1669,Lichtenburg / Ooseinde
12680,-24.3833,-65.0833,Jujuy Aerodrome
12683,-24.7,-60.5833,Las Lomitas
12686,-25.2667,-57.6333,Asuncion / Aeropuerto
12856,-24.9,113.7,Carnarvon
12879,-23.8,133.9,Alice Springs Airport
12883,-24.4,139.5,Bedourie
12889,-24.4,145.4,Blackall
12896,-24.9,152.3,Bundaberg
12906,-22.0167,166.2167,La Tontouta Nlle-Caledonie
13023,-23.4333,-70.4333,Antofagasta
13035,-22.5,-68.9,Calama
13039,-23.15,-64.3167,Oran Aerodrome
13056,-23.6167,-46.65,Sao Paulo/Congonhas Aeroporto
13248,-23.6,145.3,Barcaldine
13254,-23.9,151.2,Gladstone Airport
13395,-22.1,-65.6,La Quiaca Observatorio
13399,-22.65,-63.8167,Tartagal Aerodrome
13402,-22.0167,-60.6,Mariscal Estigarribia
13411,-23.3333,-51.1333,Londrina Aeroporto
13415,-23.0,-47.1333,Campinas Aeroporto
13417,-22.7833,-45.2,Guaratingueta
13418,-22.9333,-43.7167,Rio De Janeiro-Santa Cruz Ab
13427,-20.2667,-40.2833,Vitoria Aeroporto
13572,-22.2,114.1,Learmonth
13601,-22.9167,139.9,Boulia
13606,-23.4,144.3,Longreach
13756,-21.55,-64.7,Tarija
13757,-21.95,-63.65,Yacuiba
13774,-21.9833,-47.3333,Pirassununga
13842,-21.7,21.65,Ghanzi
13848,-21.2167,27.5,Francistown
13855,-22.0,35.3167,Vilanculos
13863,-21.75,43.3667,Morombe
13868,-21.45,47.1,Fianarantsoa
13870,-21.2,48.3667,Mananjary
14088,-13.75,-76.2833,Pisco
14104,-20.5333,-70.1833,Iquique / Diego Arac
14116,-21.25,-63.45,Villamontes
14132,-21.13,-47.78,Palmeiras
14203,-19.9833,23.4167,Maun
14213,-20.2,32.6167,Chipinge
14214,-19.8,34.9,Beira
14234,-20.8833,55.5167,Saint-Denis / Gillot
14319,-20.7,139.5,Mount Isa
14326,-20.0,146.3,Charters Towers
14330,-21.2,149.2,Mackay Racecourse
14387,-17.55,-149.6167,Tahiti-Faaa
14464,-17.0333,-72.0167,Mollendo / La Isla
14473,-19.55,-65.7333,Potosi
14476,-20.0,-63.5333,Camiri
14484,-20.4667,-54.6667,Campo Grande Aeroporto
14570,-20.0667,30.8667,Masvingo
14577,-17.8833,36.8833,Quelimane
14586,-19.8167,47.0667,Antsirabe
14657,-20.4,118.6,Port Hedland
14672,-19.6,134.2,Tennant Creek
14682,-20.7,143.1,Richmond
14708,-19.5333,169.25,Burtonfield Tanna
14805,-12.0,-77.1167,Lima-Callao / Aerop. Internacional Jorgechavez
14827,-18.3333,-70.3333,Arica
14830,-17.9667,-67.0667,Oruro
14836,-17.8,-63.1833,Santa Cruz / El Trompillo
14837,-17.8,-60.7333,San Jose De Chiquitos
14838,-18.3167,-59.7667,Robore
14840,-18.9833,-57.8167,Puerto Suarez
14931,-19.1167,33.4667,Chimoio
14948,-18.1167,49.4,Tamatave
15045,-19.2,146.8,Townsville
15187,-18.0667,-70.3,Tacna
15191,-17.4167,-66.1833,Cochabamba
15195,-17.6333,-63.1333,Viru-Viru
15282,-17.8167,25.15,Kasane
15288,-17.9167,31.1333,Harare Kutsaga
15308,-17.0833,49.8167,Sainte-Marie Aerodrome
15379,-18.0,122.2,Broome Port
15396,-17.7,139.5,Burketown Airport
15423,-17.7,168.3,Bauerfield Efate
15435,-18.05,178.5667,Nausori
15523,-9.1667,-78.5167,Chimbote
15548,-16.5167,-68.1833,La Paz / Alto
15554,-16.15,-62.0167,Concepcion
15555,-16.3833,-60.9667,San Ignacio De Velasco
15560,-15.65,-56.1,Cuiaba Aeroporto
15642,-17.8167,25.8167,Livingstone
15661,-16.75,44.4833,Besalampy
15745,-16.6,128.5,Argyle
15783,-16.4167,167.8,Lamap Malekula
15803,-14.3333,-170.7167,Pago Pago / Int. Airport
15903,-16.3167,-71.55,Arequipa
15905,-15.4833,-70.15,Juliaca
15908,-14.8667,-66.8667,San Borja
15910,-14.8167,-64.9167,Trinidad
15911,-15.7167,-63.1,Ascencion De Guarayos
15989,-14.9333,13.5667,Lubango Sa Da Bandeira
16012,-14.8167,36.5333,Cuamba
16021,-15.6667,46.35,Majunga
16026,-14.8833,50.25,Antalaha
16104,-15.8,128.7,Kununurra Airport
16140,-15.5167,167.2167,Pekoa Airport Santo
16265,-14.7333,-68.5,Apolo
16300,-12.9,-38.3333,Salvador Aeroporto
16356,-15.25,23.15,Mongu
16446,-8.75,115.1667,Denpasar / Ngurah-Rai
16466,-14.45,132.2667,Katherine / Tindal
16602,-6.7833,-79.8333,Chiclayo
16621,-13.55,-71.9833,Cuzco
16625,-14.4667,-67.5667,Rurrenabaque
16627,-13.7667,-65.4333,Santa Ana
16725,-13.55,32.5833,Chipata
16737,-12.8,45.2833,Dzaoudzi / Pamanzi Mayotte
16743,-14.2833,50.1667,Sambava
16811,-9.6667,120.3333,Waingapu / Mau Hau
16812,-10.5,121.8333,Sabu / Tardamu
16830,-14.0,136.5,Groote Eylandt Airport
16857,-13.85,167.55,Sola Vanua Lava
16866,-12.5,177.05,Rotuma
16963,-8.1,-79.0333,Trujillo
16977,-13.1333,-74.2167,Ayacucho
16983,-12.6333,-69.2,Puerto Maldonado
16987,-13.0667,-64.8167,San Joaquin
16988,-13.3333,-64.1167,Magdalena
17087,-13.3,35.2333,Lichinga
17092,-12.9833,40.5333,Pemba
17095,-11.5333,43.2667,Hahaya International Airport
17099,-13.3167,48.3167,Fascene Nossi-Be
17101,-12.35,49.3,Diego-Suarez
17174,-10.7333,123.0667,Rote / Baa
17189,-12.3,136.8,Gove Airport
17343,-11.0333,-68.7833,Cobija
17344,-11.0,-66.1167,Riberalta
17351,-12.7,-60.1,Vilhena Aeroporto
17375,-10.9833,-37.0667,Aracaju Aeroporto
17382,-8.0667,-34.85,Recife Aeroporto
17434,-11.75,24.4333,Mwinilunga
17438,-11.6667,27.4833,Lubumbashi-Luano
17447,-10.6833,35.5833,Songea
17542,-12.4,130.9,Darwin Airport
17553,-12.6,142.1,Scherger
17558,-9.4333,147.2167,Moresby
17694,-9.9,-75.75,Huanuco
17801,-10.2167,31.1333,Kasama
17879,-7.7333,109.0167,Cilacap
17888,-8.55,118.7,Bima
18041,-4.5667,-81.25,Talara
18051,-9.35,-77.6,Anta Huaraz
18061,-10.0,-67.8,Rio Branco
18073,-9.8667,-56.1,Alta Floresta Aeroporto
18103,-3.85,-32.4167,Fernando De Noronha
18134,-8.85,13.2333,Luanda
18169,-10.2667,40.1833,Mtwara
18252,-10.1667,123.6667,Kupang / El Tari
18268,-8.4667,140.3833,Merauke / Mopah
18412,-9.1333,-75.95,Tingo Maria
18413,-8.4167,-74.6,Pucallpa
18423,-8.7667,-63.9167,Porto Velho Aeroporto
18436,-8.25,-49.2833,Conceicao Do Araguaia
18450,-9.4,-38.2167,Paulo Afonso
18605,-8.4333,117.4167,Sumbawa Besar / Sumbawa Besar
18610,-8.6333,122.25,Maumere / Wai Oti
18617,-7.9833,131.3,Saumlaki
18769,-7.1333,-78.4667,Cajamarca
18770,-7.2167,-76.7167,Juanjui
18775,-7.6333,-72.6667,Cruzeiro Do Sul
18868,-6.4167,20.85,Tshikapa
18870,-6.1667,23.6167,Mbuji-Mayi
18950,-5.2667,105.1833,Telukbetung / Beranti
18963,-8.5333,116.0667,Ampenan / Selaparang
18970,-8.2667,122.9667,Larantuka
18971,-8.2167,124.5667,Alor / Mali
18983,-4.7167,136.4333,Kokonao / Timuka
19130,-6.45,-76.3833,Tarapoto
19145,-5.8167,-61.3,Manicore
19171,-7.1,-34.8667,Joao Pessoa
19224,-5.0333,18.8,Kikwit
19228,-5.8833,22.4167,Kananga
19245,-6.8667,39.2,Dar Es Salaam Airport
19316,-6.9833,110.3833,Semarang / Ahmadyani
19318,-7.2167,112.7167,Surabaya / Perak
19344,-6.1,140.3,Tanah Merah / Tanah Merah
19352,-6.5667,146.7167,Nadzab
19483,-5.1833,-80.6,Piura
19487,-6.2167,-77.8333,Chachapoyas
19489,-5.9,-76.0833,Yurimaguas
19516,-5.35,-49.15,Maraba
19598,-5.0833,32.8333,Tabora Airport
19600,-6.1667,35.7667,Dodoma
19604,-6.2167,39.2167,Zanzibar / Kisauni
19615,-4.6667,55.5167,Seychelles International Airport
19668,-3.8833,102.3333,Bengkulu / Padangkemiling
19686,-5.4667,122.6167,Bau-Bau / Beto Ambiri
19692,-3.7,128.0833,Ambon / Pattimura
19837,-0.9,-89.6,San Cristobal Galapagos
19850,-3.75,-73.25,Iquitos
19856,-4.1667,-69.95,Leticia / Vasquez Cobo
19881,-5.05,-42.8167,Teresina Aeroporto
19919,4.4167,-7.3667,Tabou
19921,4.8667,-2.2333,Axim
19935,-4.8167,11.9,Pointe-Noire
19940,-4.3833,15.4333,Kinshasa / N'Djili
20040,-3.4,116.2167,Kotabaru
20042,-5.0667,119.55,Ujung Pandang / Hasanuddin
20050,-3.25,127.0833,Namlea
20058,-3.6667,133.75,Kaimana / Utarom
20062,-4.0667,138.95,Wamena / Wamena
20223,-3.15,-59.9833,Manaus Aeroporto
20230,-3.2,-52.2,Altamira
20234,-3.7167,-49.7167,Tucurui
20289,-0.7,8.75,Port-Gentil
20295,-4.2,12.7,Loubomo
20297,-3.9833,13.9167,Mouyondzi
20298,-4.25,15.25,Brazzaville / Maya-Maya
20300,-3.3,17.35,Bandundu
20320,-3.4167,37.0667,Kilimanjaro Airport
20322,-4.0333,39.6167,Mombasa
20324,-3.2333,40.1,Malindi
20371,1.5,97.6333,Gunung Sitoli / Binaka
20384,-2.7667,101.3667,Kerinci / Depati Parbo
20390,-2.75,107.75,Tanjungpandan / Buluh Tumbang
20393,-2.7,110.7,Pangkalan Bun / Iskandar
20396,-3.4333,114.75,Banjarmasin / Syamsuddin Noor
20405,-4.1,122.4333,Kendari / Woltermon-Ginsidi
20415,-2.8833,132.25,Fak-Fak / Torea
20419,-3.9167,136.3667,Enarotali
20563,-2.8833,-78.9833,Cuenca / Mariscal Lamar
20582,-3.0333,-60.05,Eduardo Gomes International
20598,-2.6,-44.2333,Sao Luiz Aeroporto
20641,4.8833,-1.7667,Takoradi
20653,-2.85,11.0167,Tchibanga
20654,-3.4833,12.6167,Makabana
20656,-2.5333,14.7667,Djambala
20658,-2.6167,16.2167,M'Pouya
20674,-2.4667,32.9167,Mwanza
20746,-2.9,104.7,Palembang / Talangbetutu
20748,-2.1667,106.1333,Pangkalpinang / Pangkalpinang
20766,-1.6167,124.55,Labuha / Taliabu
20780,-1.8333,138.7167,Sarmi
20782,-2.5667,140.4833,Jayapura / Sentani
20788,-2.0167,146.9833,Bipi
20792,-2.5833,150.85,Kavieng / Maiom
20921,-2.15,-79.8833,Guayaquil / Simon Bolivar
20926,-0.9167,-75.4,Nuevo Rocafuerte
20946,-2.4333,-54.7167,Santarem-Aeroporto
21011,-1.8667,11.0167,Mouila
21017,-1.8667,15.8667,Gamboma
21031,-1.9667,30.1167,Kigali
21089,4.25,96.1167,Meulaboh / Cut Nyak Dhien
21104,-1.6333,103.65,Jambi / Sultan Taha
21111,-1.85,109.9667,Ketapang / Rahadi Usmaman
21114,-1.0,114.0,Palangkaraya / Panarung
21116,-0.95,114.9,Muaratewe / Beringin
21124,-0.9,122.7833,Luwuk / Bubung
21131,-0.9333,131.1167,Sorong / Jefman
21135,-0.8833,134.05,Manokwari / Rendani
21136,-1.8667,136.2333,Serui / Yendosa
21277,-0.95,-80.6833,Manta
21281,-0.9167,-78.6167,Latacunga
21310,0.0333,-50.05,Macapa
21370,-0.7167,10.2333,Lambarene
21372,-0.8333,12.7167,Lastoursville
21399,-0.4667,39.6333,Garissa
21462,0.4667,102.3167,Rengat / Japura
21465,-0.4833,104.5833,Singkep / Dabo
21477,-1.2667,116.9,Balikpapan / Sepinggan
21478,-0.6167,117.15,Samarinda / Temindung
21479,-0.6833,119.7333,Palu / Mutiara
21481,-1.3833,120.7333,Poso / Kasiguncu
21488,0.7833,127.3833,Ternate / Babullah
21496,-1.1833,136.1167,Biak / Mokmer
21728,0.45,9.4167,Libreville
21735,-0.0167,15.5833,Makoua
21751,0.05,32.45,Entebbe Airport
21754,-0.1,34.75,Kisumu
21755,-0.2667,36.1,Nakuru
21818,1.55,98.8833,Sibolga / Pinangsori
21820,0.4667,101.45,Pakanbaru / Simpangtiga
21827,-0.15,109.4,Pontianak / Supadio
21830,0.1167,111.5333,Sintang
21840,1.0167,120.8,Toli-Toli / Lalos
21841,0.5167,123.0667,Gorontalo / Jalaluddin
21970,16.8333,-99.9333,"Acapulco, Gro."
22001,1.4167,-77.2667,Pasto / Antonio Narin
22073,4.95,-6.0833,Sassandra
22091,0.5667,12.8667,Makokou
22094,1.6167,16.05,Ouesso
22096,1.6167,18.0667,Impfondo
22113,1.0167,35.0,Kitale
22114,0.5333,35.2833,Eldoret
22182,1.1167,104.1167,"Batan, Sumatra"
22183,0.9167,104.5333,Tanjungpinang / Kijang
22189,1.4833,110.3333,Kuching
22194,2.1167,117.45,Tanjung Redep / Berau
22207,1.8167,127.8333,Galela / Gamarmalamu
22426,6.25,-10.35,"Grand Bassa, Roberts Field"
22433,5.25,-3.9333,Abidjan
22438,5.6167,0.0,Tema
22446,1.9,9.8,Bata Rio Municipal
22448,2.0833,11.4833,Bitam
22450,2.0667,14.1333,Souanke
22473,3.1167,35.6167,Lodwar
22479,3.9333,41.8667,Mandera
22538,2.7333,101.7,Sepang/KL International Airport
22539,2.2667,102.25,Malacca
22540,1.6333,103.6667,Johore Bharu / Senai
22541,2.45,103.8333,Mersing
22549,2.3333,111.8333,Sibu
22561,1.5333,124.9167,Menado / Dr. Sam Ratulangi
22720,3.55,-76.3833,Cali / Alfonso Bonillaaragon
22721,2.9667,-75.3,Neiva / Benito Salas
22734,2.8333,-60.7,"Boa Vista, Boa Vista Intl"
22773,8.6167,-13.2,Lungi
22790,4.75,-6.65,San Pedro
22798,5.7833,0.6333,Ada
22804,3.75,8.7667,Malabo/Fernando Poo
22812,4.25,15.8,Berberati
22835,3.5333,39.05,Moyale
22873,4.2,73.5333,Male
22888,5.5167,95.4167,Banda Aceh / Blangbintang
22894,3.5667,98.6833,Medan / Polonia
22899,3.6167,103.2167,Kuantan
22909,3.2,113.0333,Bintulu
22913,2.85,117.3333,Tanjung Selor
22914,3.3333,117.5667,Tarakan / Juwata
22920,3.5833,125.4667,Tahuna
23079,4.5,-75.7167,Armenia / El Eden
23081,4.1667,-73.6167,Villavicencio / Vanguardia
23102,4.8333,-52.3667,Cayenne / Rochambeau
23132,12.4,-16.75,Cap-Skirring
23162,4.85,7.0167,Port Harcourt
23165,4.0,9.7333,Douala Obs.
23173,4.4,18.5167,Bangui
23187,4.8667,31.6,Juba
23255,4.2167,100.7,Sitiawan
23269,4.3333,113.9833,Miri
23273,4.2667,117.8833,Tawau
23287,7.3667,134.5333,"Babelthuap Island, Babelthuap/Koror Airport"
23294,9.4833,138.0833,"Yap Island, Yap Int. Airp."
23437,5.7167,-76.6167,Quibdo / El Carano
23460,5.5,-54.0333,Saint-Laurent-Du-Maroni
23511,5.3,-3.3,Adiake
23517,6.35,2.3833,Cotonou
23611,5.2333,97.2,Lhokseumawe / Malikussaleh
23614,5.3,100.2667,Penang / Bayan Lepas
23615,4.5667,101.1,Ipoh
23617,5.3833,103.1,Kuala Trengganu
23629,4.9333,114.9333,Brunei Airport
23630,5.3,115.25,Labuan
23633,5.9,118.0667,Sandakan
23637,6.9,122.0667,Zamboanga
23665,7.4667,151.85,"Weno Island, Chuuk Int. Airp."
23797,6.2167,-75.6,Medellin / Olaya Herrera
23798,6.1333,-75.4333,Rionegro / J. M. Cordova
23799,7.0167,-73.8,Barrancabermeja / Yariguies
23800,7.1,-73.2,Bucaramanga / Palonegro
23803,7.0667,-70.7333,Arauca / Santiago Perez
23805,6.1667,-67.5,Puerto Carreno / A. Guauquea
23814,6.5,-58.25,Timehri Airport
23853,11.5833,-15.4833,Bolama
23865,7.3833,-7.5167,Man
23866,6.8667,-6.4667,Daloa
23867,6.1333,-5.95,Gagnoa
23868,6.65,-4.7,Dimbokro
23870,6.2,-2.3333,Sefwi Bekwai
23872,5.9333,-0.9833,Akim Oda
23873,6.1,0.1167,Akuse
23876,6.5833,3.3333,Lagos / Ikeja
23888,5.9667,15.6333,Bouar
23968,5.8667,95.3167,Sabang / Cut Bau
23972,6.3333,99.7333,Langkawi
23975,6.1667,102.2833,Kota Bharu
23989,5.9333,116.05,Kota Kinabalu
23990,6.9167,116.8333,Kudat
24000,7.1167,125.65,Davao Airport
24140,13.5667,-89.8333,Acajutla
24155,7.8167,-76.7,Apartado / Los Cedros
24167,8.15,-63.55,Ciudad Bolivar
24173,6.8,-58.15,Georgetown
24223,7.7333,-8.8333,N'Zerekore
24227,6.9,-5.35,Yamoussoukro
24229,7.3333,-2.3333,Sunyani
24232,6.6,0.4667,Ho
24233,7.5833,1.1167,Atakpame
24234,7.1667,2.0667,Bohicon
24241,7.6833,8.6167,Makurdi
24245,7.35,13.5667,Ngaoundere
24268,7.6667,36.8333,Jimma
24308,8.4667,76.95,Thiruvananthapuram
24337,9.1667,105.1667,Ca Mau
24518,7.9333,-72.5167,Cucuta / Camilo Daza
24520,8.6,-71.1833,Merida
24521,8.6167,-70.2167,Barinas
24522,9.0167,-69.7333,Guanare
24574,9.5667,-13.6167,Conakry / Gbessia
24581,8.5333,-9.4667,Macenta
24585,7.7333,-5.0667,Bouake
24588,8.05,-2.7833,Bondoukou
24589,7.75,-2.1,Wenchi
24593,8.0333,2.4667,Save
24598,9.25,7.0,Abuja
24606,8.6167,16.0667,Moundou
24609,9.15,18.3833,Sarh
24627,8.1667,35.55,Gore
24672,8.5833,81.25,Trincomalee
24688,8.1167,98.3167,Phuket Airport
24692,7.2,100.6,Songkhla
24699,10.9333,108.1,Phan Thiet
24806,19.7167,-155.05,Hilo International Airport
24871,9.05,-79.3667,Tocumen
24874,8.8167,-75.85,Monteria / Los Garzones
24942,9.5,-7.5667,Odienne
24944,9.4167,-5.6167,Korhogo
24946,9.0333,-2.4833,Bole
24949,9.5,-0.85,Tamale
24951,8.9833,1.15,Sokode
24952,9.35,2.6167,Parakou
24954,8.4833,4.5833,Ilorin
24959,9.8667,8.9,Jos
24962,9.2333,12.4667,Yola
24963,9.3333,13.3833,Garoua
24988,8.9833,38.8,Addis Ababa
24992,9.6,41.8667,Dire Dawa
25049,9.1167,99.35,Surat Thani
25053,10.2167,103.9667,Phu Quoc
25062,12.25,109.2,Nha Trang
25074,9.6,123.85,Tagbilaran
25219,13.4333,-89.05,El Salvador Intl. Airport / Comalapa
25226,10.0,-83.05,Puerto Limon
25233,10.45,-75.5167,Cartagena / Rafael Nunez
25235,10.4333,-73.25,Valledupar / Alfonso Lopez
25239,10.0667,-69.3167,Barquisimeto
25241,10.1667,-67.9333,Valencia
25244,10.1167,-64.6833,Barcelona
25246,9.75,-63.1833,Maturin
25248,10.6167,-61.35,"Piarco International Airport, Trinidad"
25294,10.9333,-14.3167,Boke
25296,10.05,-12.8667,Kindia
25298,10.0333,-10.75,Faranah / Badala
25300,10.3833,-9.3,Kankan
25305,10.3333,-3.1833,Gaoua
25307,10.05,-2.5,Wa
25310,9.7667,1.1,Niamtougou
25311,10.3167,1.3833,Natitingou
25329,11.0333,20.2833,Am-Timan
25415,10.8167,106.6667,Ho Chi Minh
25433,10.3,123.9667,Mactan
25435,9.8,125.5,Surigao
25583,10.6167,-85.4333,Liberia
25587,12.5833,-81.7167,San Andres Isla / Sesquicentenario
25593,10.8833,-74.7833,Barranquilla / Ernestocortissoz
25595,11.5333,-72.9333,Riohacha / Almirante Padilla
25596,10.5667,-71.7333,Maracaibo-La Chinita
25598,11.4167,-69.6833,Coro
25601,10.6,-66.9833,Caracas / Maiquetia Aerop. Intl. Simon Bolivar
25607,11.15,-60.85,Crown Pt. / Bon Accord Village
25610,13.0667,-59.4833,Grantley Adams
25655,11.3167,-12.3,Labe
25659,11.4333,-9.1667,Siguiri
25660,11.4167,-7.5,Bougouni
25662,11.35,-5.6833,Sikasso
25663,11.1667,-4.3167,Bobo-Dioulasso
25666,11.15,-1.15,Po
25667,10.9,-1.1,Navrongo
25671,11.1333,2.9333,Kandi
25672,11.8833,3.45,Gaya
25679,11.85,13.0833,Maiduguri
25686,12.1833,18.6833,Mongo
25692,12.05,24.8833,Nyala
25707,11.0833,39.7167,Combolcha
25773,11.55,104.85,Phnom-Penh / Pochentong
25793,11.25,125.0,Tacloban
25932,14.7943,-92.3698,Tapachula / Santa Lucrecia del Valle
25941,12.15,-86.1667,Managua A. C. Sandino
25942,12.1,-85.3667,Juigalpa
25948,13.3667,-81.35,Providencia Isla / El Embrujo
25958,12.2,-68.9667,"Hato Airport, Curacao"
25959,12.15,-68.2833,"Flamingo Airport, Bonaire"
25964,12.0,-61.7833,Point Salines Airport
26011,11.8833,-15.65,Bissau Aeroport
26014,12.5667,-12.2167,Kedougou
26016,12.85,-11.2333,Kenieba
26019,12.5333,-7.95,Bamako / Senou
26021,12.3833,-5.4667,Koutiala
26024,11.75,-2.9333,Boromo
26025,12.35,-1.5167,Ouagadougou
26027,12.0333,0.3667,Fada N'Gourma
26035,12.05,8.5333,Kano
26038,13.2333,11.9833,Maine-Soroa
26042,12.1333,15.0333,Ndjamena
26049,13.4833,22.45,Geneina
26114,11.6667,92.7167,Port Blair
26151,12.3667,123.6167,Masbate
26176,14.1833,145.25,"Rota Island, N. Mariana Is, Rota International Airport"
26366,14.7333,-17.5,Dakar / Yoff
26367,13.35,-16.8,Banjul / Yundum
26370,12.55,-16.2667,Ziguinchor
26371,12.8833,-14.9667,Kolda
26372,13.7667,-13.6833,Tambacounda
26376,13.0667,-9.4667,Kita
26379,13.4,-6.15,Segou
26381,13.3333,-4.8333,San
26384,13.5667,-2.4167,Ouahigouya
26388,13.4833,2.1667,Niamey-Aero
26393,13.4667,7.0833,Maradi
26396,13.9833,10.3,Goure
26399,13.4167,12.7833,Diffa
26404,13.2167,18.3167,Ati
26406,13.85,20.85,Abeche
26411,13.6167,25.3333,El Fasher
26416,13.1667,30.2333,El Obeid
26423,12.5333,37.4333,Gondar
26449,20.6667,58.9,Masirah
26461,12.9167,74.8833,Mangalore / Bajpe
26465,12.9167,79.15,Vellore
26466,13.0,80.1833,Madras / Minambakkam
26488,12.6,102.1167,Chanthaburi
26490,13.3667,103.85,Siemreap
26496,13.7667,109.2167,Quy Nhon
26535,15.1167,145.7333,"Saipan Island, Saipan International Airport"
26656,13.7,-89.1167,San Salvador / Ilopango
26658,14.05,-87.2167,Tegucigalpa
26659,14.9,-85.9333,Catacamas
26729,14.1333,-16.0667,Kaolack
26733,14.4333,-11.4333,Kayes
26737,15.1667,-7.2833,Nara
26741,14.5167,-4.1,Mopti
26744,14.0333,-0.0333,Dori
26746,14.2,1.45,Tillabery
26750,13.8,5.25,Birni-N'Konni
26753,13.7833,8.9833,Zinder
26844,14.0167,99.5333,Kanchanaburi
26846,14.05,101.3667,Prachin Buri
26864,14.8,120.2667,Subic Bay
26869,13.5833,124.2333,Virac
27016,15.45,-87.9333,La Mesa San Pedro Sula
27020,15.2167,-83.8,Puerto Lempira
27026,17.9333,-76.7833,Kingston / Norman Manley
27038,17.7,-64.8,"Christiansted, Henry E. Rohlsen Airport"
27088,14.65,-16.2333,Diourbel
27089,15.3833,-15.1167,Linguere
27090,15.65,-13.25,Matam
27093,15.1167,-10.5667,Yelimane
27095,15.2333,-9.35,Nioro Du Sahel
27108,14.9,5.25,Tahoua
27135,15.6,32.55,Khartoum
27160,17.0333,54.0833,Salalah
27200,16.7667,96.1667,Yangon
27206,14.9667,102.0833,Nakhon Ratchasima
27270,19.2833,166.65,"Wake Island, Wake Island Army Airfield Airport"
27301,22.0333,-159.7833,Pmrf Barking Sands
27330,33.2333,-119.4667,San Nicolas Island
27370,16.75,-93.1167,"Tuxtla Gutierrez, Chis."
27371,16.25,-92.1333,"Comitan, Chis."
27372,15.3167,-91.4667,Huehuetenango
27374,15.7167,-88.6,Puerto Barrios
27376,15.7333,-86.8667,La Ceiba Airport
27384,18.5,-77.9167,Montego Bay / Sangster
27391,18.2,-71.1,Barahona
27401,16.2667,-61.5167,"Le Raizet, Guadeloupe"
27446,16.05,-16.45,Saint-Louis
27455,16.6,-7.2667,Nema
27470,16.9667,7.9833,Agadez
27481,18.0,19.1667,Faya
27505,16.9,42.5833,Gizan
27510,17.4667,47.1167,Sharurah
27538,15.85,74.6167,Belgaum / Sambra
27563,15.8,100.1667,Nakhon Sawan
27567,16.05,103.6833,Roi Et
27568,16.5333,104.7167,Mukdahan
27571,16.0333,108.1833,Da Nang
27661,21.3167,-158.0667,Kalaeloa Airport
27723,17.55,-99.5,"Chilpancingo, Gro."
27734,17.5333,-88.3,Belize / Phillip Goldston Intl. Airport
27760,17.1167,-61.7833,Vc Bird International Airport Antigua
27799,16.7333,-22.95,Sal
27807,16.65,-14.9667,Podor
27833,18.6833,12.9167,Bilma
27850,19.1667,30.4833,Dongola
27866,17.6167,44.4167,Najran
27896,16.7,74.2333,Kolhapur
27903,16.5333,80.8,Vijayawada / Gannavaram
27921,16.8833,99.15,Tak
27927,16.6667,105.0,Seno
27928,17.5167,106.5833,Dong Hoi
27930,16.4,107.6833,Hue
27940,17.5667,120.3833,Vigan
27943,16.4167,120.6,Baguio
27944,17.6167,121.7333,Tuguegarao
28086,18.15,-94.4167,"Coatzacoalcos, Ver."
28113,18.5667,-68.3667,Punta Cana
28118,18.05,-63.1167,"Juliana Airport, Saint Maarten"
28162,18.1,-15.95,Nouakchott
28222,18.2333,42.65,Abha
28224,18.3,42.8,Khamis Mushait
28235,17.6667,54.0333,Thumrait
28246,21.65,69.6667,Porbandar
28257,17.6667,75.9,Sholapur
28272,20.1333,92.8833,Sittwe
28281,18.1667,100.1667,Phrae
28283,17.95,102.5667,Vientiane
28301,18.1833,120.5333,Laoag
28312,25.8333,131.2333,Minamidaitojima
28317,24.7833,141.3167,Iwojima
28360,28.2167,-177.3667,"Sand Island, Henderson Field Airport"
28437,19.2667,-103.5833,Colima
28442,19.05,-98.1667,"Puebla, Pue."
28450,19.85,-90.55,"Campeche, Camp."
28451,18.4833,-88.3,"Chetumal, Q. Roo"
28454,20.5333,-86.9333,Cozumel / Banco Playa
28464,19.9667,-75.85,"Santiago De Cuba, Oriente"
28475,18.3333,-64.9833,C. Amalie / St. Thomas Airport
28520,20.9333,-17.0333,Nouadhibou
28580,20.3,41.6333,Al Baha
28586,20.5,45.2,Wadi Al Dawasser Airport
28613,19.1167,72.85,Bombay / Santacruz
28637,19.3,97.8333,Mae Hong Son
28642,19.2333,101.7333,Sayaboury
28661,18.3667,121.6333,Aparri
28669,24.7833,125.2833,Miyakojima
28799,20.6,-100.3833,"Queretaro, Qro."
28801,20.0833,-98.3667,Tulancingo
28886,20.5167,-13.0667,Atar
28942,19.9833,42.6167,Bisha
28990,21.4333,91.9667,Cox's Bazar
28999,19.9167,99.8333,Chiang Rai
29001,19.8833,102.1333,Luang-Prabang
29009,20.0333,110.35,Haikou
29101,21.15,-157.1,"Kaunakakai, Molokai Airport"
29151,21.5167,-104.9,"Tepic, Nay."
29160,20.95,-97.4,Tuxpan. Ver.
29168,20.9333,-89.65,Merida / lic Manuel Crecencio
29171,21.0333,-87.4167,Cancun
29182,20.7833,-76.3167,Holguin / Los Ángeles / Providencia
29268,24.55,9.4667,Djanet
29299,21.4833,40.55,Taif
29312,22.35,56.4833,Fahud
29337,21.1,79.05,Nagpur Sonegaon
29340,21.2167,81.6667,Raipur / Phundardih
29363,20.9667,105.7667,Haiphong / Cat Bi / Catbi / Dong Ya
29371,22.1667,113.5667,Taipa
29379,20.8,121.85,Itbayat
29458,21.9833,-159.3333,Lihue Airport
29515,21.8833,-102.3,"Aguascalientes, Ags."
29516,22.15,-100.9833,"San Luis Potosi, S. L. P."
29536,22.15,-80.4,"Cienfuegos, Las Villas"
29539,21.4167,-77.85,Camaguey Aeropuerto
29649,22.3667,31.6167,Abu Simbel
29655,21.7,39.1833,Jeddah King Abdul Aziz International Airport
29676,22.5333,59.4833,Sur
29688,22.3,70.7833,Rajkot
29689,21.75,72.2,Bhaunagar
29693,21.8333,76.3667,Khandwa
29708,22.2667,91.8167,Chittagong Patenga
29711,21.9833,96.1,Mandalay
29732,22.3333,114.1833,Hong Kong Inter-National Airport
29870,23.1614,-106.2648,Mazatlan / El Confital
29895,23.1333,-81.2833,"Varadero, Matanzas"
29902,24.05,-74.5333,"Cockburn Town, San Salvador"
29970,27.6667,-8.1333,Tindouf
29988,25.1333,10.15,Ghat
29997,24.2167,23.3,Kufra
30009,23.9667,32.7833,Asswan
30014,24.15,38.0667,Yenbo
30038,25.0667,61.8,Jiwani
30039,25.2667,63.4833,Pasni
30049,23.0667,72.6333,Ahmadabad
30053,23.2833,77.35,Bhopal / Bairagarh
30056,23.2,79.95,Jabalpur
30061,23.3167,85.3167,M. O. Ranchi
30065,23.1833,89.1667,Jessore
30084,22.8167,108.35,Nanning
30089,23.1667,113.3333,Guangzhou
30090,22.55,114.1,Shenzhen
30093,23.4,116.6833,Shantou
30096,22.95,120.2,Tainan Tw-Afb
30227,24.8167,-107.4,"Culiacan, Sin."
30254,24.55,-81.1,Key West Airport
30257,25.05,-77.4667,Nassau Airport
30311,27.8167,-17.8833,Hierro / Aeropuerto
30350,27.0167,14.45,Sebha
30374,24.55,39.7,Madinah
30378,24.5,44.35,Dawadmi
30392,24.4667,56.6333,Sohar Majis
30393,23.5833,58.2833,"Seeb, International Airport"
30405,23.25,69.6667,Bhuj-Rudramata
30424,24.1333,89.05,Ishurdi
30426,23.8833,91.25,Agartala
30427,24.3167,92.0,Kailashahar
30429,24.7667,93.9,Imphal Tulihal
30453,24.4833,118.0833,Xiamen
30458,24.4667,122.9833,Yonaguni Airport
30590,25.5333,-103.45,"Torreon, Coah."
30650,39.45,-31.1333,Flores Acores
30701,26.5,8.4167,Illizi
30726,25.6667,32.7,Luxor
30730,26.2,36.4667,Wejh
30736,26.3,43.7667,Gassim
30740,24.9333,46.7167,King Khaled International Airport
30743,25.3,49.4833,Al Ahsa
30748,24.4333,54.4667,Abu Dhabi Bateen Airport
30750,25.1,56.3333,Fujairah
30762,25.3833,68.4167,Hyderabad Airport
30770,25.15,75.85,Kota Aerodrome
30775,24.5667,80.8333,Satna
30776,25.45,81.7333,Allahabad / Bamhrauli
30779,24.75,84.95,Gaya
30782,25.0333,88.1333,Malda
30786,24.9,91.8833,Sylhet
30791,25.3667,97.4,Myitkyina
30797,25.0167,102.6833,Kunming
30804,25.3333,110.3,Guilin
30809,25.85,114.95,Ganzhou
30818,24.3333,124.1667,Ishigakijima
30935,31.0333,-114.85,"San Felipe, B. C. N."
30973,26.0726,-80.1527,Fort Lauderdale
30987,32.3667,-64.6833,Bermuda
31037,27.9333,-15.3833,Gran Canaria - Canary Islands
31049,27.8833,-0.2833,Adrar
31094,27.4333,41.6833,Hail
31103,26.2667,50.15,Dhahran
31111,26.6333,57.7667,Jask
31121,26.25,68.3667,Nawabshah
31126,26.3,73.0167,Jodhpur
31131,26.2333,78.25,Gwalior
31136,25.45,82.8667,Varanasi / Babatpur
31141,26.6333,88.3167,Siliguri
31159,26.5833,106.7167,Guiyang
31172,26.0833,119.2833,Fuzhou
31179,26.3333,126.8,Kumejima
31274,37.7,-123.0,Farallon Island
31302,27.3833,-109.8167,Ciudad Obregon
31376,38.5167,-28.7167,Horta / Castelo Branco Acores
31379,36.9667,-25.1667,Santa Maria Acores
31422,28.05,9.6333,In Amenas
31442,27.05,31.0167,Asyut
31445,27.15,33.7167,Hurguada
31459,28.3167,46.1167,Al Qaysumah
31463,26.2667,50.65,Bahrain International Airport
31469,27.2167,56.3667,Bandarabbass
31472,27.2,60.7,Iranshahr
31476,26.9667,64.1,Panjgur
31488,26.8167,75.8,Jaipur / Sanganer
31495,26.75,83.3667,Gorakhpur
31506,27.2333,94.1167,North Lakhimpur
31540,26.7167,127.7833,Iejima Auxiliary Ab
31541,27.4333,128.7,Okinoerabu
31670,28.7,-100.5167,"Piedras Negras, Coah."
31685,29.7167,-85.0167,Apalachicola Municipal Airport
31690,28.1,-80.65,Melbourne International
31757,28.45,-13.8667,Fuerteventura / Aeropuerto
31803,28.2333,32.6167,El Tor
31807,28.3667,36.6,Tabuk
31848,28.5667,77.1167,New Delhi / Palam
31850,28.3667,79.4,Bareilly
31856,27.7,85.3667,Kathmandu Airport
31866,28.1,95.3833,Pasighat
31887,28.6,115.9167,Nanchang
32017,29.0667,-110.95,"Hermosillo, Son."
32028,29.3667,-100.9167,Del Rio International  Airport
32035,29.2667,-94.8667,Scholes Field
32105,28.6167,-17.75,La Palma / Aeropuerto
32116,28.95,-13.6,Lanzarote / Aeropuerto
32129,29.25,0.2833,Timimoun
32133,30.5667,2.8667,El Golea
32169,29.7833,40.1,Al-Jouf
32172,29.6167,43.4833,Rafha
32178,29.2167,47.9833,Kuwait International Airport
32182,29.5333,52.5833,Shiraz
32183,28.9667,53.6833,Fasa
32190,29.4667,60.8833,Zahedan
32199,28.3,68.4667,Jacobabad
32205,29.1667,75.7333,Hissar
32221,29.6667,91.1333,Lhasa
32236,29.5167,106.4833,Chongqing
32385,30.3667,-104.0167,Marfa
32400,30.4073,-89.0701,Gulfport / Kathy Mobile Park
32402,30.3533,-87.318,Pensacola / Pleasant Grove
32416,35.15,-75.3,Diamond Shoals Coast Guard Station
32480,30.3333,-9.4,Agadir Al Massira
32482,30.9333,-6.9,Ouarzazate
32498,30.1333,9.5,Ghadames
32516,31.3333,27.2167,Mersa Matruh
32525,30.1667,35.7833,Ma'An
32531,30.9,41.1333,Arar
32538,30.55,49.2,Mahshahr / Bandar Mahshahr / Bandar-e M?hshahr
32540,30.4333,50.7667,Gach Saran Du Gunbadan
32546,30.25,56.9667,Kerman
32555,30.25,66.8833,Quetta Airport
32560,30.2,71.4333,Multan
32593,30.6667,104.0167,Chengdu
32602,30.6167,114.1333,Wuhan
32609,30.2333,120.1667,Hangzhou
32618,30.3833,130.6667,Yakushima
32744,31.3824,-103.5107,Pecos / Locker
32748,30.5167,-99.7667,Kimble County Airport
32765,30.9667,-83.2,Moody Air Force Base
32766,31.25,-82.4,Waycross / Ware County
32836,31.5167,-9.7833,Essaouira
32840,31.6167,-8.0333,Marrakech
32844,31.9333,-4.4,Errachidia
32845,31.6167,-2.2333,Bechar
32853,31.9167,5.4,Ouargla
32854,31.6667,6.15,Hassi-Messaoud
32878,31.2,29.95,Alexandria / Nouzha
32881,31.2667,32.3,Port Said
32882,31.0833,33.8167,El Arish
32885,31.4,37.2667,Guriat
32896,30.5667,47.7833,Basrah
32897,31.3333,48.6667,Ahwaz
32902,31.9,54.4,Yazd
32909,31.3333,61.4833,Zabol
32917,31.35,69.4667,Zhob
32919,31.8167,70.9167,Dera Ismail Khan
32967,32.0,118.8,Nanjing
32969,31.1667,121.4333,Shanghai / Hongqiao
33096,32.1333,-110.95,Tucson International Airport
33102,31.8333,-104.8167,Guadalupe Pass
33107,32.4198,-99.8554,Abilene / Tye
33109,32.2167,-98.1833,"Stephenville, Clark Field Municipal Airport"
33117,32.3167,-90.0667,Jackson Airport
33126,32.1167,-81.0333,Savannah Airport
33192,33.0667,-16.35,Porto Santo
33200,32.3667,-6.4,Beni-Mellal
33210,32.3833,3.8167,Ghardaia
33217,32.3167,10.4,Remada
33226,32.1,20.2667,Benina
33242,32.0,34.9,Ben-Gurion International Airport
33243,31.9833,35.9833,Amman Airport
33244,32.2,37.1333,H-5'Safawi
33246,31.6833,38.7333,Turaif
33258,32.3333,50.85,Shahre-Kord
33259,32.4667,51.7167,Esfahan
33265,32.8667,59.2,Birjand
33279,32.05,72.6667,Sukkur / Dhapsari
33281,31.55,74.3333,Lahore City
33282,31.6333,74.8667,Amritsar
33324,31.8667,117.2333,Hefei
33339,32.0833,131.45,Nyutabaru Ab
33450,32.8167,-115.65,"El Centro, Naval Air Facility"
33458,32.6333,-108.15,Silver City / Grant
33469,32.9,-97.0333,Dallas/Ft. Worth International  Airport
33475,33.4829,-90.9856,Greenville / Brighton
33486,32.9,-80.0333,Charleston Airport
33549,32.7,-16.77,Água de Pena
33558,33.3667,-7.5833,Nouasseur
33571,33.1167,6.1333,Touggourt
33574,33.9167,8.1,Tozeur
33599,34.5833,32.9833,Akrotiri
33603,33.4167,36.5167,Damascus Int. Airport
33696,32.9167,129.9167,Nagasaki Airport
33806,34.1167,-119.1167,"Nawcwpns Point Mugu, Ca"
33809,34.2962,-116.1622,Twentynine Palms / Sunfair Heights
33817,34.0167,-106.9,Socorro Municipal
33827,33.9833,-98.4928,Wichita Falls Sheppard Afb
33829,33.94,-96.39,Calera
33831,34.05,-94.4,Chapel Hill
33837,34.2667,-88.1,Tupelo Regional Airport
33916,33.5667,-7.6667,Casablanca
33918,34.05,-6.7667,Rabat-Sale
33923,34.7833,-1.9333,Oujda
33927,33.7667,2.9333,Laghouat
33930,34.8,5.7333,Biskra
33931,33.5,6.1167,El Oued
33934,34.4167,8.8167,Gafsa
33935,33.8833,10.1,Gabes
33936,33.8667,10.7667,Djerba Mellita
33952,35.4,27.1333,Karpathos Airport
33955,34.7167,32.4833,Paphos Airport
33959,34.8833,33.6333,Larnaca Airport
33960,33.8167,35.4833,Beyrouth Aeroport
33972,34.2667,47.1167,Kermanshah
33974,34.1,49.4,Arak
33976,33.9833,51.45,Kashan
34038,34.7167,113.65,Zhengzhou
34051,33.5,126.5,Cheju International Airport
34056,34.05,131.05,Ozuki Ab
34057,34.15,132.2333,"MCAS IWAKUNI,JAPAN"
34164,34.9,-120.4667,Santa Maria Public Airport
34165,34.75,-118.7167,Sandberg
34168,35.2833,-116.6167,"Fort Irwin/Barstow, Bicycle Lake Army Airfield"
34169,34.7663,-114.6233,Needles / Parker Junction
34170,35.25,-113.9333,Kingman Airport
34173,35.0333,-110.7167,Winslow Municipal Airport
34191,35.25,-93.1,Russelville Municipal Airport
34194,35.0333,-89.9833,Memphis International Airport
34199,35.0333,-85.2,Lovell Field
34206,35.0,-77.97,Grayfield Mobile Home Park
34278,35.7333,-5.9,Tanger Aerodrome
34279,35.5833,-5.3333,Tetuan / Sania Ramel
34280,35.1833,-3.85,Al Hoceima
34281,35.15,-2.9167,Nador
34283,35.0167,-1.4667,Tlemcen Zenata
34285,35.25,1.4333,Tiaret
34287,34.6833,3.25,Djelfa
34288,35.3333,4.2,Bou-Saada
34292,35.4833,8.1333,Tebessa
34294,34.7167,10.6833,Sfax El-Maou
34296,35.5,12.6,Lampedusa
34298,35.85,14.4833,Luqa
34307,35.4833,24.1167,Souda Airport
34319,35.5333,35.7667,Lattakia
34331,35.3333,47.0,Sanandaj
34332,34.85,48.5333,Hamedan
34336,35.4,51.15,Tehran International Airport
34337,35.55,53.3833,Semnan
34363,37.1333,79.9333,Hotan
34405,36.0667,120.3333,Qingdao
34408,34.9833,126.3667,Muan / Hamyo-ri
34523,36.3333,-119.95,Lemoore Naval Air Station
34526,35.6833,-117.7,Naws China Lake
34527,36.1167,-115.2667,McCarran International Airport
34533,35.65,-109.0667,Window Rock Airport
34539,36.45,-103.15,Clayton Municipal Airpark
34540,36.0226,-102.5473,Dalhart / Rehm
34550,36.2615,-93.1547,Harrison / Francis
34558,35.9513,-85.085,Crossville / Howard Springs
34563,36.1,-79.95,Piedmont Triad International  Airport
34564,35.9,-78.7667,Raleigh-Durham International  Airport
34635,37.0167,-7.9667,Faro / Aeroporto
34639,36.6667,-4.4833,Malaga / Aeropuerto
34640,35.2833,-2.95,Melilla
34644,36.2167,1.3333,Chlef
34649,35.55,6.1833,Batna
34652,36.4833,8.8,Jendouba
34653,35.6667,10.1,Kairouan
34671,36.4,28.0833,Rhodes Airport
34672,36.7,28.7833,Dalaman
34674,36.7,30.7333,Antalya
34679,36.2,36.1667,Ercan / Alvan
34680,36.1833,37.2,Aleppo International Airport
34691,36.6833,48.4833,Zanjan
34693,36.25,50.0,Ghazvin
34694,35.6833,51.35,Tehran-Mehrabad
34700,36.2167,57.6667,Sabzevar
34702,36.2667,59.6333,Mashhad
34745,36.6167,101.7667,Xining
34752,36.6,109.5,Yan An
34772,35.9,128.65,Taegu Ab
34856,40.8,-124.1667,Eureka
34883,36.7833,-119.7167,Fresno Air Terminal
34884,37.3667,-118.3667,Bishop Airport
34885,36.95,-116.05,Nevada Test Site / Sugar Bunker
34887,36.5833,-115.6667,"Indian Springs, Indian Springs Auxiliary Afld Nellis Afb"
34891,36.9333,-111.45,Page Municipal Airport
34894,37.2,-107.8167,"Durango, County"
34896,37.4333,-105.8667,San Luis Valley Regional
34902,36.4333,-99.5167,"Woodward, West Woodward Airport"
34904,37.2833,-98.55,Medicine Lodge
34909,37.2333,-93.05,Springfield-Branson National
34911,36.7667,-90.4667,Poplar Bluff / Green Forest
34922,37.3167,-79.9667,Roanoke Regional Airport
34931,39.4667,-74.0833,Atlantic City International
34933,41.2531,-70.0603,Nantucket / Surfside
34944,43.93,-60.01,Sable Island
34975,37.7333,-25.7,Ponta Delgada / Nordela Acores
34996,36.75,-6.0667,Jerez De La Fronteraaeropuerto
34997,37.15,-5.6167,Moron De La Frontera
34998,37.1833,-3.7833,Granada / Aeropuerto
34999,36.85,-2.3833,Almeria / Aeropuerto
35001,37.7833,-0.8,Murcia / San Javier
35008,36.8833,5.8167,Jijel Achouat
35009,36.9333,6.95,Skikda
35010,36.8333,7.8167,Annaba
35011,36.95,8.75,Tabarka
35012,36.8333,10.2333,Tunis-Carthage
35024,37.0667,22.0167,Kalamata Airport
35037,36.9833,35.3,Adana / Sakirpasa
35038,36.5833,36.1667,Iskenderun
35039,37.0833,37.3667,Gaziantep
35041,37.1333,38.7667,Urfa
35043,37.05,41.2167,Kamishli
35047,37.5333,45.0833,Orumieh
35052,37.2,49.6333,Rasht
35059,37.4667,57.3333,Bojnourd
35069,37.2333,67.2667,Termez
35118,36.6833,116.9833,Jinan
35129,36.9333,127.0,Pyongtaek Ab
35240,37.9,-121.2333,Stockton Metropolitan Airport
35244,38.0602,-117.0868,Tonopah / Valley View
35245,37.6167,-116.25,"Las Vegas, Tonopah Range #74 Nellis Afb"
35257,38.05,-103.5097,La Junta / La Junta Village
35269,38.1274,-91.7695,Rolla / Vichy
35275,37.9,-85.9667,Fort Knox
35280,37.8,-81.1167,Raleigh County Mem Airport
35334,38.7667,-27.1,Lajes Acores
35353,38.0167,-7.8667,Beja
35355,37.4167,-5.9,Sevilla / San Pablo
35356,37.85,-4.85,Cordoba / Aeropuerto
35359,37.95,-1.2333,Murcia / Alcantarilla
35361,38.2833,-0.55,Alicante / El Altet
35362,38.8667,1.3833,Ibiza / Es Codola
35370,37.25,9.8,Bizerte
35373,37.9167,12.5,Trapani / Birgi
35374,38.1833,13.1,Palermo / Punta Raisi
35376,38.2,15.55,Messina
35382,37.9167,21.2833,Andravida Airport
35384,38.0667,23.55,Elefsis Airport
35387,38.3333,26.1333,Chios Airport
35389,37.85,27.85,Aydin
35392,37.75,30.55,Isparta
35393,37.9667,32.55,Konya
35401,37.8833,40.1833,Diyarbakir
35402,37.8667,41.1667,Batman
35404,38.45,43.3167,Van
35407,38.0833,46.2833,Tabriz
35419,37.9667,58.3333,Ashgabat Keshi
35466,38.4833,106.2167,Yinchuan
35473,37.7833,112.55,Taiyuan
35502,38.1333,140.9167,Sendai Airport
35605,39.3,-114.85,Ely Airport (Yelland Field)
35615,38.9667,-104.8167,Air Force Academy
35622,38.65,-97.8,"Smokey Hill Gunnery Range, Ks."
35623,39.05,-96.75,"Fort Riley, Marshall Aaf Ft Riley"
35625,39.0667,-95.1333,Topeka Billard Municipal Airport
35635,39.05,-84.6667,Cincinnati/Northern Ky International
35640,38.8833,-79.85,Jennings Randolph Field
35641,38.98,-79.13,Town Hill
35668,46.66,-53.08,Cape Race
35718,38.95,-1.85,Albacete / Los Llanos
35719,39.5,-0.4667,Valencia / Aeropuerto
35723,39.55,2.7333,Palma De Mallorca / Son San Juan
35724,39.8667,4.2333,Menorca / Mahon
35729,39.25,9.0667,Cagliari / Elmas
35732,38.7,13.1833,Ustica
35736,38.9,16.25,Lamezia Terme
35739,39.6167,19.9167,Kerkyra Airport
35741,38.6167,20.7667,Aktion Airport
35743,39.2167,22.8,Anchialos Airport
35746,39.0667,26.6,Mytilini Airport
35748,38.9167,27.85,Akhisar
35749,38.6667,29.4167,Usak
35751,38.75,30.5333,Afyon
35755,38.7833,35.4833,Kayseri / Erkilet
35757,39.75,37.0167,Sivas
35758,38.4333,38.0833,Malatya / Erhac
35759,38.6,39.2833,Elazig
35784,39.0833,63.6,Chardzhev
35785,38.8,65.7167,Karshi
35795,39.4667,75.9833,Kashi
35818,39.7667,98.4833,Jiuquan
35841,38.9,121.6333,Dalian
35845,39.0333,125.7833,Pyongyang
35861,39.4333,141.1333,Hanamaki Airport
35891,52.7167,174.1167,Shemya Eareckson As
35904,51.8667,-176.6333,Adak Island Airport
35956,40.15,-122.25,Red Bluff Municipal Airport
35957,39.7954,-121.8584,Chico
35960,40.0664,-118.5652,Lovelock / Granite Point
35963,39.6042,-116.0051,Eureka / Eunice Place
35965,40.7333,-114.0333,Wendover / Air Force Auxillary Field
35968,39.6167,-110.75,Price Carbon County Airport
35969,40.3,-109.9833,Roosevelt
35985,39.7667,-94.0833,Rosecrans Memorial Airport
35995,39.8333,-84.05,Dayton / Wright-Patterson Air Force Base
35997,40.0,-82.05,Port Columbus International  Airport
36006,40.7833,-73.05,LaGuardia Airport
36068,39.8333,-8.8833,Monte Real
36076,40.4833,-3.45,Madrid / Torrejon
36089,39.9333,9.7167,Capo Bellavista
36091,40.9167,12.95,Ponza
36093,40.55,14.2,Capri
36094,40.0167,15.2833,Capo Palinuro
36096,40.4333,16.8833,Marina Di Ginosa
36097,40.2333,18.15,Lecce
36100,39.7,20.8167,Ioannina Airport
36101,40.3,21.7833,Kozani Airport
36102,40.5167,22.9667,Thessaloniki Airport
36104,39.9167,25.2333,Limnos Airport
36105,40.1333,26.4,Canakkale
36107,40.3167,27.9667,Bandirma
36108,40.1833,29.0667,Bursa
36110,39.7833,30.5667,Eskisehir
36111,40.0833,32.5667,Murted Tur-Afb
36115,40.3,36.5667,Tokat
36118,39.7333,39.5,Erzincan
36120,39.9167,41.2667,Erzurum
36122,39.7167,43.05,Agri
36144,40.1333,65.35,Navoi
36146,39.5667,66.95,Samarkand
36147,40.1167,67.8333,Dzizak
36189,40.8167,111.6833,Hohhot
36195,39.9333,116.2833,Beijing
36208,40.6667,129.2,Kimchaek
36319,40.9,-117.8,Winnemucca Municipal Airport
36322,40.8249,-115.7917,Elko / Coin
36329,41.6,-109.05,Rock Springs-Sweetwater Co
36335,41.1,-102.9833,Sidney Municipal Airport
36337,41.1167,-100.6667,North Platte Regional Airport
36341,40.8333,-96.7647,Lincoln Municipal Airport
36347,40.7832,-91.1255,Burlington / Congers Mobile Home Park
36349,41.02,-89.38,Sparland
36353,41.0,-85.0333,Fort Wayne International
36360,40.8844,-78.0873,Philipsburg / Beaver Mills
36365,41.1667,-73.1333,Sikorsky Memorial Airport
36430,41.2667,-7.7167,Vila Real
36432,40.95,-5.5,Salamanca / Matacan
36437,40.9333,-1.3,Calamocha
36439,41.15,1.1667,Reus / Aeropuerto
36440,41.2833,2.0667,Barcelona / Aeropuerto
36446,40.6333,8.2833,Alghero
36448,40.9,9.5167,Olbia / Costa Smeralda
36452,41.05,14.0667,Grazzanise
36456,40.65,17.95,Brindisi
36463,40.9833,24.6,Chrysoupoli Airport
36464,40.85,25.9167,Alexandroupoli Airport
36472,41.3667,33.7667,Kastamonu
36474,40.85,35.5833,Merzifon
36478,41.0,39.7167,Trabzon
36481,40.6,43.0833,Kars
36510,40.9833,71.5833,Namangan
36530,42.8167,93.5167,Hami
36579,41.2333,141.1333,Ominato Ab
36584,42.9833,144.4,Kushiro
36674,42.3833,-122.8833,Rogue Valley International  Airport
36689,41.8056,-107.1999,Rawlins / Sinclair
36709,41.9833,-87.9167,Chicago O’hare Airport
36714,42.03,-82.9,Harrow CDA
36715,42.25,-81.9,Erieau
36717,42.0833,-80.1833,Erie International Airport
36722,42.2,-75.15,Binghamton Regional Airport
36724,41.9333,-72.6833,Bradley International Airport
36725,42.2673,-71.8757,Worcester / West Tatnuck
36788,42.2167,-8.6333,Vigo / Peinador
36790,41.8,-6.7333,Braganca
36792,41.7167,-4.85,Valladolid / Villanubla
36793,42.3667,-3.6333,Burgos / Villafria
36796,41.6667,-1.0167,Zaragoza / Aeropuerto
36800,41.9,2.7667,Gerona / Costa Brava
36805,41.9167,8.8,Ajaccio
36808,42.3833,11.1667,Monte Argentario
36809,42.0333,11.8333,Civitavecchia
36811,42.4333,14.2,Pescara
36812,42.0,15.0,Termoli
36815,42.5667,18.2667,Dubrovnik / Cilipi
36821,42.1333,24.75,Plovdiv
36828,41.45,31.8,Zonguldak
36857,41.75,59.8167,Dashkhovuz
36861,41.7333,64.6167,Tamdy
36921,41.7333,123.5167,Shenyang / Fengt'ien / Mukden / Luoguantun
37008,53.32,-132.77,Kindakun Rocks
37017,50.11,-127.94,Solander Island
37031,43.4169,-124.247,North Bend
37033,43.23,-123.35,Edenbower
37037,43.6,-118.95,Burns Municipal Airport
37043,42.9167,-112.6,Pocatello Regional Airport
37047,42.8167,-108.7333,Lander Hunt Field
37048,43.0667,-108.45,Riverton Regional Airport
37049,42.9,-106.4667,Natrona County International  Airport
37051,42.8,-105.3833,Douglas Converse County
37055,42.8667,-100.55,"Miller Field - Valentine, Ne"
37056,43.3833,-99.8333,"Winner, Bob Wiley Field Airport"
37067,43.1333,-89.0167,Madison Dane County Rgnl
37068,42.955,-87.9044,Gen Mitchell International Airport
37069,43.1667,-86.2333,Muskegon County Airport
37073,42.9667,-83.0833,Flint Bishop International  Airport
37076,43.17,-79.94,Hamilton Airport
37080,43.1167,-76.1,Syracuse Hancock International  Airport
37092,43.99,-64.66,Western Head
37146,42.9,-8.4333,Santiago / Labacolla
37151,42.5833,-5.65,Leon / Virgen Del Camino
37152,43.4333,-3.8167,Santander / Parayas
37153,42.8833,-2.7167,Vitoria
37156,43.1833,0.0,Tarbes Ossun Lourdes
37157,43.0,1.1,St-Girons
37158,43.2167,2.3167,Carcassonne
37164,42.5333,8.8,Calvi
37167,42.75,11.0667,Grosseto
37169,43.0833,12.5,Perugia
37179,42.65,23.3833,Sofia Observ.
37184,43.2,27.9167,Varna
37195,43.4333,39.9,Adler
37233,43.2333,76.9333,Almaty
37237,43.95,81.3333,Yining
37282,43.9,125.2167,Changchun
37288,43.1167,131.9333,Vladivostok
37399,43.5667,-116.2333,Boise Air Terminal
37406,44.5167,-109.0167,Cody
37409,44.3333,-105.55,Gillette-Campbell Cty Airport
37412,44.05,-103.05,Rapid City Regional Airport
37416,43.7667,-99.3167,Chamberlain Municipal Airport
37427,43.78,-87.85,Acacia Falls Mobile Home Court
37433,43.77,-81.72,Goderich
37437,43.95,-78.17,Cobourg
37438,43.83,-77.15,Point Petre
37440,44.05,-75.7333,Fort Drum / Wheeler-Sack U. S. Army Airfield
37441,44.38,-74.19,Harrietstown
37445,43.9,-70.25,"Gray, Me."
37449,43.83,-66.09,Yarmouth Airport
37452,44.61,-63.42,Osborne Head Dnd
37453,44.82,-62.33,Beaver Island
37459,46.7667,-56.1667,Saint-Pierre
37508,43.55,-6.0333,Asturias / Aviles
37512,43.3,-2.9333,Bilbao / Sondica
37513,43.4667,-1.5333,Biarritz
37514,43.6833,-1.0667,Dax
37516,44.0281,1.3767,Montauban / Lamothe-Capdeville
37517,43.9167,2.1167,Albi
37519,43.8667,4.4,Nimes / Courbessac
37521,44.0667,6.0,St-Auban-Sur-Durance
37522,43.65,7.2,Nice
37524,44.4167,8.85,Genova / Sestri
37528,44.0333,12.6167,Rimini
37580,44.85,65.5,Kzyl-Orda
37661,44.0167,145.8667,Juzhno-Kuril'Sk
37737,50.82,-128.91,Sartine Island
37751,44.9,-123.0,Salem McNary Field
37760,45.1238,-113.8813,Salmon / Baker
37761,45.2554,-112.5525,Dillon / Bishop Place
37767,44.7667,-106.9667,Sheridan County Airport
37775,45.45,-98.4167,Aberdeen Regional Airport
37790,45.0833,-83.5667,Alpena County Regional Airport
37792,45.23,-81.63,Tobermory RCS
37796,45.07,-77.88,Bancroft
37802,44.9333,-72.2,Newport
37805,44.8074,-68.8281,Bangor / Martells Mobile Home Court
37806,45.21,-67.25,St. Stephen
37808,45.07,-66.45,Point Lepreau CS
37809,44.98,-64.92,Greenwood Airport
37813,45.35,-60.98,Hart Island
37873,44.8333,-0.7,Bordeaux / Merignac
37874,44.8167,0.5167,Bergerac
37875,45.2,0.8167,Perigueux
37876,44.9,2.4167,Aurillac
37878,45.0833,3.7667,Le Puy
37882,45.0333,7.7333,Torino / Bric Della Croce
37885,45.3833,10.8667,Verona / Villafranca
37895,45.15,21.3167,Vrsac
37916,45.1167,42.0833,Stavropol
37952,45.0,78.3833,Taldy-Kurgan
37969,46.4,96.25,Altai
38104,46.15,-123.8833,Port Of Astoria Airport
38116,46.3667,-117.0167,Lewiston Nez Perce Co Airport
38120,45.9548,-112.4975,Butte / Valley Vista Mobile Home Community
38127,46.4333,-105.8833,Miles City
38146,45.75,-87.0333,Escanaba
38152,45.97,-81.48,Killarney
38165,46.12,-67.8,East Hodgdon
38167,45.84,-66.45,Gagetown Awos Airport
38232,46.15,-1.15,La Rochelle
38234,45.8667,1.1833,Limoges
38236,45.7833,3.1667,Clermont-Ferrand
38238,45.9833,5.3333,Amberieu
38242,46.0,8.9667,Lugano
38245,45.6833,12.1,Treviso / Istrana
38246,45.9833,13.0333,Udine / Rivolto
38251,46.1,18.2333,Pecs / Pogany
38253,46.25,20.1,Szeged
38264,46.4333,30.7667,Odesa
38270,45.4,36.4167,Kerch
38277,46.3667,44.3333,Elista
38356,47.3833,123.9167,Qiqihar
38464,47.9333,-124.5667,Quillayute State Airport
38469,46.9667,-122.9,Olympia Airport
38477,46.9167,-114.1,Missoula International Airport
38489,46.7973,-102.8019,Dickinson / Eland
38492,46.4944,-99.7601,Bennington / Napoleon
38495,46.9333,-96.8167,Hector International Airport
38503,47.1667,-88.4833,Hancock Houghton Cty. Memo
38505,46.5333,-87.55,Marquette
38506,47.33,-85.83,Caribou Island
38507,46.49,-84.51,Sault Ste Marie Airport
38508,46.4833,-84.35,Sault Ste. Marie Muni
38518,46.82,-74.09,Saint-Michel-Des-Saints
38524,46.8667,-68.0167,Caribou Municipal Airport
38528,47.06,-64.0,North Cape
38531,46.82,-60.67,North Mountain CS
38532,47.23,-60.14,St Paul Island
38591,46.7,-1.3833,La Roche-Sur-Yon
38592,46.5833,0.3167,Poitiers
38593,47.45,0.7167,Tours
38594,46.85,1.7167,Chateauroux
38595,47.0,3.1,Nevers
38598,47.25,5.9833,Besancon
38599,47.0,6.95,Neuchatel
38607,47.2,14.75,Zeltweg
38613,46.6833,21.1667,Bekescsaba
38614,47.05,21.9333,Oradea
38624,47.0333,31.95,Mikolaiv
38654,46.7833,61.65,Aralskoe More
38735,46.95,142.7167,Yuzhno-Sakhalinsk
38837,48.3,-114.2667,Glacier Park International  Airport
38841,47.6333,-110.3333,"Fort Huachuca, Libby Aaf Ft Huachuca"
38844,48.2167,-106.6167,Glasgow International Airport
38863,47.4667,-87.8833,Copper Harbor
38864,48.61,-86.29,Pukaskwa
38867,47.82,-83.35,Chapleau Airport
38871,48.15,-80.0,Kirkland Lake CS
38873,48.06,-77.79,Val-D'Or
38875,47.92,-74.62,Parent
38880,48.3,-70.92,La Baie
38881,48.14,-69.72,Pointe De L'islet
38885,47.99,-66.33,Charlo
38887,48.01,-64.49,Miscou Island
38890,47.43,-61.77,Iles De La Madeleine
38899,47.62,-52.75,St. John's International Airport
38940,49.9167,-6.3,"Scilly, Saint Mary'S"
38947,47.9667,-4.1667,Quimper
38949,48.0667,-1.7333,Rennes
38951,47.9333,0.2,Le Mans
38952,48.05,1.3833,Chateaudun
38954,47.8,3.55,Auxerre
38955,48.3333,4.0167,Troyes
38956,47.8333,5.3167,Langres
38972,48.0833,20.7667,Miskolc
38973,47.9667,21.9833,Nyiregyhaza / Napkor
38974,47.8,22.8833,Satu Mare
38986,47.8,35.0167,Zaporizhzhia
39019,47.8,67.7167,Zhezkazgan
39147,53.9,-166.5333,Unalaska Airport
39182,49.38,-126.54,Estevan Point CS
39196,49.13,-113.81,Waterton Park Gate
39197,49.05,-112.82,Del Bonita Agdm
39198,49.13,-112.05,Milk River
39200,49.12,-110.47,Onefour CDA
39204,49.17,-105.98,Rockglen
39205,49.05,-105.48,Coronach Spc
39209,49.28,-100.99,Melita
39211,49.19,-98.9,Pilot Mound
39218,48.76,-91.63,Atikokan
39219,49.03,-90.47,Upsala
39221,49.15,-88.34,Cameron Falls
39226,49.75,-84.16,Nagagami
39227,49.41,-82.47,Kapuskasing Airport
39229,48.57,-81.38,Timmins Airport
39234,49.82,-74.98,Chapais
39236,49.28,-73.36,Chamouchouane
39237,48.84,-72.55,Normandin
39239,48.89,-71.03,Onatchiway
39244,49.11,-66.65,Cap-Chat
39245,49.25,-65.32,Cap-Madeleine
39248,49.09,-61.7,Heath Point
39254,48.97,-56.07,Badger
39310,49.1833,-0.45,Caen
39311,49.0167,1.2167,Evreux
39313,49.0167,2.5333,Paris-Aeroport Charles De Gaulle
39317,49.2167,7.1167,Saarbruecken / Ensheim
39322,49.05,12.1,Regensburg
39327,49.15,16.7,Brno / Turany
39328,48.6167,17.8333,Piestany
39332,48.9333,22.0,Kamenica Nad Cirochou
39354,48.7833,44.3667,Volgograd
39445,48.5167,135.1667,Habarovsk
39450,48.9667,140.3,Sovetskaja Gavan
39550,49.96,-119.38,Kelowna
39555,50.18,-113.88,Stavely Aafc
39556,50.03,-113.22,Barons AGCM
39557,50.05,-112.13,Vauxhall CDA CS
39558,49.92,-110.92,Seven Persons Agdm
39559,49.99,-110.26,Irvine AGCM
39560,49.9,-109.47,Maple Creek
39561,50.27,-107.73,Swift Current CDA
39562,50.2833,-107.6833,"Swift Current, Saskatchewan"
39563,49.73,-105.95,Assiniboia Airport
39564,50.2,-104.71,Bratt's Lake
39569,49.91,-99.95,Brandon Airport
39575,49.79,-94.36,Kenora Airport
39577,50.11,-91.91,Sioux Lookout Airport
39581,49.69,-88.31,Little Flatland Island
39583,49.78,-86.94,Geraldton Airport
39589,51.27,-80.65,Moosonee Ua
39592,49.76,-77.79,Matagami
39597,49.84,-71.17,Chute-Des-Passes
39599,50.66,-70.53,Manouane Est
39602,50.16,-66.43,Pointe Noire CS
39603,50.22,-66.25,Sept-Iles UA
39605,49.84,-64.29,Port-Menier
39607,50.19,-61.81,Natashquan Airport
39609,50.16,-60.06,Cape Whittle
39610,50.47,-59.64,Chevery
39613,49.9167,-55.6667,"La Scie, Nfld."
39614,49.68,-54.8,Twillingate
39664,50.0833,-5.25,Culdrose
39665,50.35,-4.1167,Plymouth
39671,50.1333,1.8333,Abbeville
39682,50.2,12.9167,Karlovy Vary
39683,50.1,14.25,Praha / Ruzyne
39684,49.9333,15.3833,Caslav
39685,50.0167,15.7333,Pardubice
39689,50.0833,19.8,Krakow
39691,50.1,22.05,Rzeszow-Jasionka
39693,49.8167,23.95,L'Viv
39705,49.9667,36.1333,Kharkiv
39726,50.2833,57.15,Aktjubinsk
39742,49.8,73.15,Karaganda
39748,50.4167,80.3,Semipalatinsk
39805,49.45,136.5667,Troickoe
39901,50.68,-127.37,Port Hardy Airport
39902,50.45,-125.99,Fanny Island
39906,50.68,-121.93,Lillooet
39915,50.93,-112.94,Gleichen AGCM
39919,50.91,-109.5,Leader Airport
39921,50.95,-107.15,Lucky Lake
39929,50.71,-99.53,Mccreary
39930,51.08,-97.55,Fisher Branch
39932,50.7,-96.57,Victoria Beach
39935,50.63,-93.22,Ear Falls
39955,50.73,-71.01,Bonnard 1
39961,50.22,-66.25,Sept-iles
39964,50.27,-64.23,Longue-Pointe-De-Mingan
39965,50.2833,-63.6167,Havre St Pierre
39970,51.02,-57.1,Ferolle Point
39994,60.05,-43.1667,Prins Christian Sund
40019,51.85,-8.4833,Cork Airport
40023,51.0833,-4.15,Chivenor
40025,51.0,-2.6333,Yeovilton
40026,51.1667,-1.75,Boscombe Down
40027,51.2333,-0.95,Odiham
40028,51.15,-0.1833,London Gatwick Airport
40029,51.34,1.34,Manston
40033,51.0,5.0667,Schaffen
40034,50.9667,6.05,Geilenkirchen
40039,50.9833,10.9667,Erfurt / Bindersleben
40044,50.9,15.8,Jelenia Gora
40045,51.1,16.8833,Wroclaw Copernicus Airport
40047,50.8167,19.1,Czestochowa
40049,50.8167,20.7,Kielce
40050,51.2167,22.4,Lublin Radawiec
40051,50.7,23.25,Zamosc
40063,50.85,34.6667,Sumy
40074,51.5667,46.0333,Saratov
40079,51.25,51.2833,Uralsk
40086,51.0667,58.6,Orsk
40242,57.75,-152.4833,Kodiak Airport
40258,52.26,-128.72,McInnes Island
40260,52.19,-127.47,Cathedral Point
40262,51.67,-124.4,Tatlayoko Lake RCS
40263,52.11,-124.14,Puntzi Mountain
40265,52.18,-122.05,Williams Lake Airport
40272,51.78,-114.68,Sundre Airport
40273,52.18,-113.89,Red Deer Regional Airport
40274,52.0,-112.8,Big Valley AGCM
40277,52.12,-110.1,Bodo Agdm
40283,51.77,-104.2,Wynyard
40286,52.11,-101.23,Swan River RCS
40291,52.36,-97.02,Berens River CS
40292,51.07,-93.79,Red Lake Airport
40298,52.2,-87.94,Lansdowne House
40306,51.29,-80.62,Moosonee RCS
40314,51.53,-71.11,Lac Benoit
40322,51.87,-63.28,Lac Eon
40332,52.3,-55.8333,"Mary's Harbour, Nfld."
40382,52.1333,-4.5667,Aberporth
40387,51.8833,0.2333,Stansted Airport
40388,52.1167,0.9667,Wattisham
40393,52.0667,5.8833,Deelen
40403,51.9333,15.5333,Zielona Gora
40407,51.7333,19.4,Lodz
40408,52.1667,20.9667,Warszawa-Okecie
40418,52.4,30.95,Gomel'
40491,52.2667,104.3167,Irkutsk
40495,51.8333,107.6,Ulan-Ude
40496,52.1667,109.7833,Horinsk
40500,52.0833,113.4833,Chita
40614,53.03,-131.6,Cumshewa Island
40623,53.0333,-122.5167,Quesnel Airport
40628,52.93,-118.03,Jasper Warden
40632,53.22,-113.89,Thorsby AGCM
40633,53.05,-112.82,Camrose
40638,52.77,-108.24,North Battleford
40639,53.37,-107.55,Spiritwood West
40641,52.82,-104.6,Melfort
40642,53.33,-104.01,Nipawin
40644,52.82,-102.32,Hudson Bay
40648,52.82,-97.62,George Island
40651,53.85,-94.65,Island Lake Airport
40654,53.4414,-91.7628,Muskrat Dam
40656,53.8,-89.8833,"Big Trout Lake Remote Environment Automatic Data Acquisition Concept, Ontario"
40677,52.92,-66.86,Wabush Airport
40681,53.55,-64.1,"Churchill Falls, Nfld."
40685,53.32,-60.42,Goose Airport
40702,59.9833,-45.2,Angisoq
40740,53.3,-6.4333,Casement Aerodrome
40743,53.1667,-2.9833,Hawarden
40744,53.35,-2.2833,Manchester Airport
40746,53.0833,-0.1667,Coningsby Royal Air Force Base
40751,52.9167,4.7833,De Kooy
40752,53.2167,5.7667,Leeuwarden
40757,52.9667,11.1333,Luechow
40762,53.4,16.1,Miroslawiec / Borujsko
40764,53.0333,18.5833,Torun
40769,53.1,23.1667,Bialystok
40780,53.25,34.3167,Brjansk
40791,53.1167,45.0167,Penza
40796,53.2,50.15,Samara
40830,53.4333,83.5167,Barnaul
40879,53.0667,132.9833,Ekimchan
40886,53.15,140.7,Nikolaevsk-Na-Amure
40904,53.0833,158.5833,Petropavlovsk-Kamchatskij
40960,59.4333,-146.3,Middleton Island Airport
40979,53.77,-126.0,Ootsa Lakeskins Lake
40986,53.8,-118.45,Hendrickson Creek
40988,53.5833,-116.4667,"Edson, Alta."
40994,54.01,-111.27,St. Paul AGCM
40997,54.13,-108.05,Meadow Lake Airport
40998,53.92,-106.07,Waskesiu Lake
41018,54.98,-85.43,Peawanuck
41026,53.63,-77.7,La Grande Riviere Airport
41030,53.76,-73.68,La Grande Iv
41036,54.8,-66.8,Schefferville
41096,53.9,-8.8167,Connaught Airport
41099,53.4333,-6.25,Dublin Airport
41100,54.0833,-4.6333,Isle Of Man / Ronaldsway Airport
41102,54.1167,-3.25,Walney Island
41112,53.7167,7.15,Norderney
41124,54.1667,19.4333,Elblag
41126,54.0667,21.3667,Ketrzyn
41127,53.7833,21.5833,Mikolajki
41128,54.1333,22.95,Suwalki
41132,53.9333,27.6333,Minsk
41150,54.1333,45.2333,Saransk
41192,53.8167,86.8833,Novokuznetsk / Spichenkovo / Luchshevo
41301,55.2167,-162.7333,Cold Bay Airport
41321,57.05,-135.3667,Sitka Airport
41329,55.5833,-133.0833,Klawock Airport
41334,54.58,-130.7,Grey Islet
41344,55.2,-119.4,Beaverlodge RCS
41345,55.18,-118.88,Grande Prairie Airport
41346,55.35,-118.41,Teepee Creek AGCM
41347,55.1,-117.2,Valleyview Agdm
41348,55.4,-116.48,High Prairie Agdm
41354,54.91,-109.96,Jimmy Lake Awos
41357,55.15,-105.27,La Ronge Airport
41368,56.04,-96.51,Kelsey Dam CS
41375,56.02,-87.68,Fort Severn Airport
41403,55.45,-60.22,Hopedale
41458,54.65,-6.2167,Belfast / Aldergrove Airport
41459,54.85,-4.95,West Freugh
41462,55.0333,-1.7,Newcastle / Dinnington / Ponteland / Hazlerigg
41472,54.9167,8.35,Westerland / Sylt
41474,54.9667,9.7833,Soenderborg Lufthavn
41475,55.0167,10.5667,Sydfyns Flyveplads
41478,55.0667,14.75,Roenne
41480,54.4,16.35,Darlowek / Darlowo / Bobolin
41484,54.7167,20.55,Kaliningrad
41494,55.1667,30.2167,Vitebsk
41516,55.57,52.08,Nikashnovka
41550,55.2333,86.1167,Kemerovo
41562,54.8833,99.0333,Nizhneudinsk
41626,56.2167,162.7167,Ust'Kamchatsk
41646,57.1667,-170.2167,St Paul Island Airport
41681,59.5,-139.6667,Yakutat Airport
41691,56.4833,-132.3667,Wrangell
41694,55.9333,-129.9833,Stewart Airport
41698,55.31,-123.14,Mackenzie Airport
41703,55.74,-120.18,Dawson Creek Airport
41704,56.08,-119.34,Savanna AGCM
41706,55.91,-117.12,Jean Cote AGCM
41708,56.55,-115.28,Red Earth
41709,55.3,-114.7833,"Slave Lake, Alta"
41712,56.65,-111.21,Fort McMurray CS
41717,55.15,-105.27,La Ronge RCS
41719,56.33,-103.28,Southend
41728,56.36,-94.71,Gillam Airport
41750,57.91,-72.98,Riviere Aux Feuilles
41770,53.68,-57.04,Cartwright Airport
41816,56.5,-6.8833,Tiree
41818,55.8667,-4.4333,Glasgow Airport
41820,55.95,-3.35,Edinburgh Airport
41822,55.4167,-1.6,Boulmer
41832,55.7333,9.1667,Billund Lufthavn
41833,56.3,10.6167,Tirstrup
41837,55.9167,14.0833,Kristianstad Everod Airport
41839,56.2667,15.2833,Ronneby Airport
41843,55.9667,21.1,Palanga
41853,56.35,30.6167,Velikie Luki
41924,56.2833,101.75,Bratsk
42022,56.95,-158.6333,Port Heiden Airport
42049,56.8167,-132.9667,Petersburg
42065,56.97,-117.45,Manning Agdm
42069,57.04,-111.56,Mildred Lake
42080,56.86,-101.08,Lynn Lake
42112,58.09,-68.42,Kuujjuaq Airport
42192,57.1,9.85,Aalborg
42196,57.3,14.1333,Hagshult Airport
42197,56.85,14.8333,Vaxjo Airport
42198,56.7333,16.3,Kalmar Airport
42217,56.9,35.8833,Tver
42223,56.95,40.9667,Ivanovo
42291,57.7667,108.0667,Kirensk
42306,56.8333,124.8667,Cul'Man
42336,57.0667,156.8333,Ust-Hajrjuzovo
42376,58.65,-162.0667,Cape Newenham Airport
42407,58.35,-134.5667,Juneau International Airport
42425,58.17,-116.34,La Crete AGCM
42426,58.38,-116.04,Fort Vermilion
42427,58.71,-113.87,Garden River
42439,58.23,-103.68,Collins Bay Sk
42445,58.73,-94.07,Churchill Ua
42460,58.47,-78.08,Inukjuak
42524,57.4667,-7.3667,Benbecula
42537,57.8167,-3.9667,Tain Range
42538,57.7167,-3.3167,Lossiemouth
42553,57.7833,11.8833,Goteborg Save Airport
42555,57.7667,14.0833,Jonkoping Airport
42556,58.4,15.5167,Linkoping Malmen Airport
42559,57.6667,18.35,Visby Airport
42623,58.3167,82.95,Kolpasevo
42632,58.45,92.15,Enisejsk
42653,58.3167,112.8667,Mama
42742,59.05,-158.5167,Dillingham Airport
42744,59.324,-155.9018,Igiugig
42746,59.75,-154.9167,Iliamna Airport
42751,60.1167,-149.45,Seward
42769,58.43,-130.03,Dease Lake
42777,58.84,-122.57,Fort Nelson Ua
42790,58.98,-110.44,Egg Island
42792,59.57,-108.48,Uranium City
42793,59.25,-105.84,Stony Rapids
42801,58.72,-98.5,Tadoule Lake CS
42896,58.95,-2.9,Kirkwall Airport
42899,59.8833,-1.3,Sumburgh Cape
42913,59.36,13.47,Nolgård Airport
42939,59.3167,39.9167,Vologda
42996,58.3833,97.45,Bogucany
43050,59.55,150.7833,Magadan
43107,59.6333,-151.5,Homer / Municipal
43121,60.77,-137.58,Haines Junction
43124,59.4667,-135.3167,Skagway Airport
43127,60.17,-132.73,Teslin
43129,60.12,-128.83,Watson Lake
43131,60.1167,-128.8167,"Watson Lake, Y. T."
43134,60.23,-123.47,Fort Liard
43137,60.44,-121.24,Sambaa K'e
43141,61.32,-117.6,Fort Providence
43142,60.84,-115.78,Hay River Airport
43145,60.02,-111.96,Fort Smith Airport
43148,60.03,-111.93,Fort Smith
43156,61.13,-100.88,Ennadai Lake
43245,62.0667,-7.2833,Soervaag / Vagar
43277,59.8833,17.6,Uppsala Airport
43288,59.9667,30.3,St. Peterburg
43301,59.8833,42.75,Tot'Ma
43360,60.3333,102.2667,Vanavara
43373,60.7167,114.8833,Lensk
43378,60.4,120.4167,Olekminsk
43446,63.67,-170.5,Savoonga
43456,60.7833,-161.8333,Bethel Airport
43459,61.5667,-159.5333,Aniak Airport
43461,61.1,-155.5667,Sparrevohn
43466,60.5833,-151.2333,Kenai Municipal Airport
43468,61.1667,-150.0333,Anchorage Ted Stevens Airport
43469,60.78,-148.83,Whittier
43473,60.5,-145.4833,Merle K. Smith Airport
43493,61.26,-124.47,Deadmen Valley
43494,61.24,-123.74,Yohin
43495,61.13,-122.85,Lindburg Landing
43502,60.84,-115.78,Hay River
43554,61.58,-64.65,Resolution Island
43573,61.1667,-45.4167,Narsarsuaq
43625,61.15,7.1333,Sogndal Airport
43665,61.2333,46.7167,Kotlas
43671,61.6833,53.6833,Ust'- Kulom
43685,61.0167,69.0333,Hanty-Mansijsk
43691,61.25,73.5,Surgut
43808,61.7833,-166.0333,Cape Romanzof Airport
43813,62.0954,-163.6821,Mountain Village
43824,62.1,-152.75,Puntilla
43831,62.15,-145.45,Gulkana Airport
43840,62.12,-136.19,Carmacks CS
43843,62.21,-133.38,Faro
43849,61.96,-127.21,Rabbit Kettle
43855,61.76,-121.24,Fort Simpson Airport
43861,62.46,-114.44,Yellowknife Airport
43863,61.92,-113.73,Inner Whalebacks
43872,63.6,-105.13,Hanbury River
43919,63.34,-64.15,Brevoort Island
43964,64.3,-15.2167,Akurnes
44028,61.7167,50.8333,Syktyvkar
44091,62.5333,113.8667,Mirnvy
44106,62.0167,129.7167,Jakutsk
44118,62.9667,141.9333,Northway Airport
44181,62.95,-155.6,McGrath Airport
44201,63.62,-135.87,Mayo Airport
44216,63.13,-117.24,Whati
44223,63.6,-113.86,Lower Carp Lake
44226,62.71,-109.17,Fort Reliance
44241,62.81,-92.11,Rankin Inlet Airport
44268,63.75,-68.54,Iqaluit
44279,64.1667,-51.75,Godthaab / Nuuk
44341,62.5667,6.1167,Alesund / Vigra
44344,62.75,7.2667,Molde / Aro
44353,63.05,17.7667,Kramfors Airport
44355,63.4,18.9667,Ornskoldsvik Airport
44453,63.2833,118.3333,Njurba
44487,62.9167,152.4167,Sejmchan
44528,64.5167,-165.4333,Nome Airport
44531,64.5505,-163.0072,Golovin
44534,63.8833,-160.8,Unalakleet
44538,64.7333,-156.9333,Galena Airport
44539,64.7272,-155.4699,Ruby
44542,63.8667,-152.3,Minchumina Airport
44548,64.0,-145.7167,Allen Army Airfield
44575,64.11,-117.33,Gameti
44596,64.3,-96.08,Baker Lake Airport
44617,64.2167,-76.5333,"Cape Dorset, N. W. T."
44672,63.9667,-22.6,Keflavikurflugvollur
44714,63.8,20.2833,Umea Airport
44735,64.5,40.7333,Arhangel'Sk
44770,64.9167,77.8167,Tarko-Sale
44863,64.6833,170.4167,Markovo
44871,64.7833,177.5667,Anadyr
44884,65.6167,-168.05,Wales
44885,65.5667,-167.9167,Tin City
44888,65.2404,-166.3393,Teller
44901,65.1667,-152.1,Tanana Calhoun Memorial Airport
44905,64.55,-149.0667,Nenana Municipal Airport
44906,64.8,-147.8667,Fairbanks Airport
44908,64.65,-147.1,Fairbanks Air Force Base
44925,65.28,-126.8,Norman Wells Airport
44931,65.21,-123.43,Deline CS
44949,65.1,-102.43,Robertson Lake
44962,65.88,-89.45,Wager Bay
44987,66.14,-65.71,Pangnirtung
44995,66.65,-61.38,Cape Dyer
45016,65.6,-37.6333,Tasiilaq
45025,65.0833,-22.7333,Stykkisholmur
45038,65.2833,-14.4,Egilsstadir
45065,64.8333,11.15,Rorvik / Ryum
45079,65.0333,24.8,Hailuoto
45099,64.9,45.7667,Lesukonskoe
45110,65.1167,57.1,Pechora
45140,65.7833,87.9333,Turuhansk
45204,65.7333,150.9,Zyrjanka
45254,66.6001,-159.9857,Selawik
45259,66.9833,-153.7,Utopia Creek Airport
45266,66.5667,-145.2667,Fort Yukon Airport
45274,66.98,-136.22,Rock River
45284,66.24,-128.64,Fort Good Hope CS
45362,67.0167,-50.7,Sdr Stroemfjord
45425,65.9667,12.4667,Sandnessjoen Airport
45431,65.8667,20.1333,Vidsel Airport
45438,65.7833,24.5833,Kemi
45442,65.9667,29.1833,Kuusamo
45479,66.5333,66.6667,Salehard
45534,66.7667,123.4,Zhigansk
45607,67.7362,-164.5635,Kivalina
45608,66.8833,-162.6,Wien Memorial Airport
45613,67.1,-157.85,Ambler Airport
45620,66.9,-151.5167,Bettles Airport
45630,67.57,-139.84,Old Crow RCS
45640,67.18,-130.23,Little Chicago
45646,67.02,-126.12,Colville Lake
45656,67.82,-115.14,Kugluktuk Airport
45671,68.32,-100.09,Hat Island
45675,68.64,-95.85,Gjoa Haven
45694,69.08,-79.03,Rowley Island
45695,68.9,-75.14,Longstaff Bluff
45700,68.65,-71.17,Dewar Lakes
45707,67.55,-64.03,Qikiqtarjuaq
45708,67.54,-63.79,Broughton Island
45756,66.45,-15.95,Raufarhofn
45792,67.15,20.65,Gallivare Airport
45796,66.8,24.0,Pello
45835,67.4833,64.0167,Vorkuta
45989,68.8,-140.85,Margaret Lake
45997,68.3,-133.4833,"Inuvik, N. W. T."
46037,68.82,-93.43,Shepherd Bay Airport
46039,68.44,-89.73,Pelly Bay
46062,68.47,-66.8,Cape Hooper
46150,67.8167,20.3333,Kiruna Airport
46241,68.5,112.4333,Olenek
46292,68.75,161.2833,Cherskij
46322,68.8833,-166.1,Cape Lisburne Airport
46327,69.7167,-163.0,Point Lay Airport
46350,69.16,-140.15,Ivvavik National Park
46352,68.95,-137.22,Shingle Point Airport
46355,68.91,-133.94,Storm Hills
46357,68.75,-133.5,Trail Valley
46358,69.43,-133.02,Tuktoyaktuk
46359,69.6,-130.91,Liverpool Bay
46363,69.36,-124.08,Paulatuk
46367,69.2,-122.36,Tuktut Nogait
46370,69.28,-119.22,Croker River
46382,69.04,-107.82,Cape Peel West
46384,69.11,-105.14,Cambridge Bay Airport
46401,68.54,-89.8,Kugaaruk
46408,68.7833,-81.25,"Hall Beach, N. W. T."
46439,69.2333,-51.0667,Jacobshavn Lufthavn
46522,68.9667,33.05,Murmansk
46688,70.6333,-160.0333,Wainwright Airport
46697,70.2167,-150.9833,Nuiqsut Airport
46705,70.1333,-143.5667,Barter Island Airport
46708,69.61,-140.2,Komakuk Beach
46710,69.57,-138.91,Herschel Island
46712,69.63,-135.44,Pelly Island
46723,70.17,-124.72,Cape Parry Airport
46726,69.67,-121.67,Keats Point
46731,70.76,-117.8,Holman CS
46743,69.11,-105.14,Cambridge Bay Gsn
46752,69.55,-93.58,Taloyoak Airport
46777,70.48,-68.52,Clyde River
46870,69.7833,20.9667,Sorkjosen
46872,69.9833,23.3667,Alta Airport
46874,70.0667,24.9833,Banak
46879,70.35,31.05,Svartnes
46993,70.6167,147.8833,Chokurdah
47050,71.2833,-156.7667,Post Rogers Memorial Airport
47120,72.99,-85.01,Arctic Bay CS
47129,72.69,-77.97,Pond Inlet Airport
47134,70.49,-68.52,Clyde River Airport
47188,70.4833,-21.95,Scoresbysund
47233,71.0167,25.9833,Honningsvag Airport
47237,70.8667,29.0333,Berlevag
47308,71.9833,102.4667,Hatanga
47457,73.77,-105.3,Stefansson Island
47643,73.5,80.4,Ostrov Dikson
47803,73.23,-119.54,Thomsen River
47906,74.3,-20.2167,Daneborg
47931,74.5167,19.0167,Bjornoya
48158,74.14,-119.99,Nangmagvik Lake
48216,76.5333,-68.75,Thule A. B.
48544,74.72,-94.97,Resolute Bay Airport
48557,76.42,-82.9,Grise Fiord
48634,76.7667,-18.6667,Danmarkshavn
49608,78.79,-103.55,Isachsen
49995,79.99,-85.81,Eureka Airport
